-- phpMyAdmin SQL Dump
-- version 5.2.0
-- https://www.phpmyadmin.net/
--
-- Servidor: 127.0.0.1
-- Tiempo de generación: 31-08-2022 a las 04:16:55
-- Versión del servidor: 10.4.24-MariaDB
-- Versión de PHP: 8.1.6

SET SQL_MODE = "NO_AUTO_VALUE_ON_ZERO";
START TRANSACTION;
SET time_zone = "+00:00";


/*!40101 SET @OLD_CHARACTER_SET_CLIENT=@@CHARACTER_SET_CLIENT */;
/*!40101 SET @OLD_CHARACTER_SET_RESULTS=@@CHARACTER_SET_RESULTS */;
/*!40101 SET @OLD_COLLATION_CONNECTION=@@COLLATION_CONNECTION */;
/*!40101 SET NAMES utf8mb4 */;

--
-- Base de datos: `dbhtdentshop`
--

-- --------------------------------------------------------

--
-- Estructura de tabla para la tabla `categorias`
--

CREATE TABLE `categorias` (
  `id` bigint(20) UNSIGNED NOT NULL,
  `nombre` varchar(255) COLLATE utf8mb4_unicode_ci NOT NULL,
  `ruta` varchar(255) COLLATE utf8mb4_unicode_ci NOT NULL,
  `icono` varchar(255) COLLATE utf8mb4_unicode_ci NOT NULL,
  `imagen` varchar(255) COLLATE utf8mb4_unicode_ci NOT NULL,
  `created_at` timestamp NULL DEFAULT NULL,
  `updated_at` timestamp NULL DEFAULT NULL
) ENGINE=InnoDB DEFAULT CHARSET=utf8mb4 COLLATE=utf8mb4_unicode_ci;

--
-- Volcado de datos para la tabla `categorias`
--

INSERT INTO `categorias` (`id`, `nombre`, `ruta`, `icono`, `imagen`, `created_at`, `updated_at`) VALUES
(1, 'Equipos intraorales', 'equipos-intraorales', '<i class=\"fas fa-mobile-alt\"></i>', 'categorias/76cd8eae806e224d45db479cd7a8eb8e.png', '2022-08-31 06:05:49', '2022-08-31 06:05:49'),
(2, 'Equipos extraorales', 'equipos-extraorales', '<i class=\"fas fa-mobile-alt\"></i>', 'categorias/687d26f76b9cca903817e7480adfbf35.png', '2022-08-31 06:05:50', '2022-08-31 06:05:50'),
(3, 'Materiales', 'materiales', '<i class=\"fas fa-mobile-alt\"></i>', 'categorias/a876de75570d4c7c5270c71e92993a6a.png', '2022-08-31 06:05:51', '2022-08-31 06:05:51'),
(4, 'Implantes', 'implantes', '<i class=\"fas fa-mobile-alt\"></i>', 'categorias/1bbf97813976cf279b4a8a421cd719c3.png', '2022-08-31 06:05:52', '2022-08-31 06:05:52');

-- --------------------------------------------------------

--
-- Estructura de tabla para la tabla `categoria_marca`
--

CREATE TABLE `categoria_marca` (
  `id` bigint(20) UNSIGNED NOT NULL,
  `marca_id` bigint(20) UNSIGNED NOT NULL,
  `categoria_id` bigint(20) UNSIGNED NOT NULL,
  `created_at` timestamp NULL DEFAULT NULL,
  `updated_at` timestamp NULL DEFAULT NULL
) ENGINE=InnoDB DEFAULT CHARSET=utf8mb4 COLLATE=utf8mb4_unicode_ci;

--
-- Volcado de datos para la tabla `categoria_marca`
--

INSERT INTO `categoria_marca` (`id`, `marca_id`, `categoria_id`, `created_at`, `updated_at`) VALUES
(1, 1, 1, NULL, NULL),
(2, 2, 1, NULL, NULL),
(3, 3, 1, NULL, NULL),
(4, 4, 1, NULL, NULL),
(5, 5, 2, NULL, NULL),
(6, 6, 2, NULL, NULL),
(7, 7, 2, NULL, NULL),
(8, 8, 2, NULL, NULL),
(9, 9, 3, NULL, NULL),
(10, 10, 3, NULL, NULL),
(11, 11, 3, NULL, NULL),
(12, 12, 3, NULL, NULL),
(13, 13, 4, NULL, NULL),
(14, 14, 4, NULL, NULL),
(15, 15, 4, NULL, NULL),
(16, 16, 4, NULL, NULL);

-- --------------------------------------------------------

--
-- Estructura de tabla para la tabla `ciudads`
--

CREATE TABLE `ciudads` (
  `id` bigint(20) UNSIGNED NOT NULL,
  `nombre` varchar(255) COLLATE utf8mb4_unicode_ci NOT NULL,
  `costo` double(8,2) NOT NULL,
  `departamento_id` bigint(20) UNSIGNED NOT NULL,
  `created_at` timestamp NULL DEFAULT NULL,
  `updated_at` timestamp NULL DEFAULT NULL
) ENGINE=InnoDB DEFAULT CHARSET=utf8mb4 COLLATE=utf8mb4_unicode_ci;

--
-- Volcado de datos para la tabla `ciudads`
--

INSERT INTO `ciudads` (`id`, `nombre`, `costo`, `departamento_id`, `created_at`, `updated_at`) VALUES
(1, 'culpa', 15.00, 1, '2022-08-31 06:06:20', '2022-08-31 06:06:20'),
(2, 'velit', 5.00, 1, '2022-08-31 06:06:20', '2022-08-31 06:06:20'),
(3, 'cupiditate', 15.00, 1, '2022-08-31 06:06:20', '2022-08-31 06:06:20'),
(4, 'laboriosam', 5.00, 1, '2022-08-31 06:06:20', '2022-08-31 06:06:20'),
(5, 'eos', 10.00, 1, '2022-08-31 06:06:20', '2022-08-31 06:06:20'),
(6, 'voluptatum', 5.00, 1, '2022-08-31 06:06:20', '2022-08-31 06:06:20'),
(7, 'quia', 10.00, 1, '2022-08-31 06:06:20', '2022-08-31 06:06:20'),
(8, 'rerum', 15.00, 1, '2022-08-31 06:06:20', '2022-08-31 06:06:20'),
(9, 'modi', 10.00, 2, '2022-08-31 06:06:22', '2022-08-31 06:06:22'),
(10, 'quo', 10.00, 2, '2022-08-31 06:06:22', '2022-08-31 06:06:22'),
(11, 'architecto', 10.00, 2, '2022-08-31 06:06:22', '2022-08-31 06:06:22'),
(12, 'explicabo', 10.00, 2, '2022-08-31 06:06:22', '2022-08-31 06:06:22'),
(13, 'excepturi', 10.00, 2, '2022-08-31 06:06:22', '2022-08-31 06:06:22'),
(14, 'eum', 15.00, 2, '2022-08-31 06:06:22', '2022-08-31 06:06:22'),
(15, 'non', 5.00, 2, '2022-08-31 06:06:22', '2022-08-31 06:06:22'),
(16, 'doloremque', 15.00, 2, '2022-08-31 06:06:22', '2022-08-31 06:06:22'),
(17, 'magni', 15.00, 3, '2022-08-31 06:06:25', '2022-08-31 06:06:25'),
(18, 'laudantium', 5.00, 3, '2022-08-31 06:06:25', '2022-08-31 06:06:25'),
(19, 'doloremque', 5.00, 3, '2022-08-31 06:06:25', '2022-08-31 06:06:25'),
(20, 'qui', 15.00, 3, '2022-08-31 06:06:25', '2022-08-31 06:06:25'),
(21, 'ut', 10.00, 3, '2022-08-31 06:06:25', '2022-08-31 06:06:25'),
(22, 'aliquid', 5.00, 3, '2022-08-31 06:06:25', '2022-08-31 06:06:25'),
(23, 'ab', 15.00, 3, '2022-08-31 06:06:25', '2022-08-31 06:06:25'),
(24, 'aut', 5.00, 3, '2022-08-31 06:06:25', '2022-08-31 06:06:25'),
(25, 'nulla', 5.00, 4, '2022-08-31 06:06:27', '2022-08-31 06:06:27'),
(26, 'sed', 5.00, 4, '2022-08-31 06:06:27', '2022-08-31 06:06:27'),
(27, 'necessitatibus', 15.00, 4, '2022-08-31 06:06:28', '2022-08-31 06:06:28'),
(28, 'accusamus', 5.00, 4, '2022-08-31 06:06:28', '2022-08-31 06:06:28'),
(29, 'qui', 15.00, 4, '2022-08-31 06:06:28', '2022-08-31 06:06:28'),
(30, 'et', 10.00, 4, '2022-08-31 06:06:28', '2022-08-31 06:06:28'),
(31, 'voluptatem', 5.00, 4, '2022-08-31 06:06:28', '2022-08-31 06:06:28'),
(32, 'eos', 10.00, 4, '2022-08-31 06:06:28', '2022-08-31 06:06:28'),
(33, 'autem', 5.00, 5, '2022-08-31 06:06:30', '2022-08-31 06:06:30'),
(34, 'quis', 15.00, 5, '2022-08-31 06:06:30', '2022-08-31 06:06:30'),
(35, 'omnis', 15.00, 5, '2022-08-31 06:06:30', '2022-08-31 06:06:30'),
(36, 'unde', 15.00, 5, '2022-08-31 06:06:30', '2022-08-31 06:06:30'),
(37, 'nulla', 15.00, 5, '2022-08-31 06:06:30', '2022-08-31 06:06:30'),
(38, 'nihil', 10.00, 5, '2022-08-31 06:06:30', '2022-08-31 06:06:30'),
(39, 'ut', 10.00, 5, '2022-08-31 06:06:30', '2022-08-31 06:06:30'),
(40, 'quas', 5.00, 5, '2022-08-31 06:06:30', '2022-08-31 06:06:30'),
(41, 'omnis', 5.00, 6, '2022-08-31 06:06:32', '2022-08-31 06:06:32'),
(42, 'harum', 15.00, 6, '2022-08-31 06:06:32', '2022-08-31 06:06:32'),
(43, 'itaque', 5.00, 6, '2022-08-31 06:06:32', '2022-08-31 06:06:32'),
(44, 'magni', 15.00, 6, '2022-08-31 06:06:32', '2022-08-31 06:06:32'),
(45, 'rem', 10.00, 6, '2022-08-31 06:06:32', '2022-08-31 06:06:32'),
(46, 'reiciendis', 5.00, 6, '2022-08-31 06:06:32', '2022-08-31 06:06:32'),
(47, 'et', 10.00, 6, '2022-08-31 06:06:32', '2022-08-31 06:06:32'),
(48, 'sit', 5.00, 6, '2022-08-31 06:06:32', '2022-08-31 06:06:32'),
(49, 'soluta', 5.00, 7, '2022-08-31 06:06:34', '2022-08-31 06:06:34'),
(50, 'voluptatum', 15.00, 7, '2022-08-31 06:06:35', '2022-08-31 06:06:35'),
(51, 'quidem', 15.00, 7, '2022-08-31 06:06:35', '2022-08-31 06:06:35'),
(52, 'in', 5.00, 7, '2022-08-31 06:06:35', '2022-08-31 06:06:35'),
(53, 'temporibus', 15.00, 7, '2022-08-31 06:06:35', '2022-08-31 06:06:35'),
(54, 'praesentium', 15.00, 7, '2022-08-31 06:06:35', '2022-08-31 06:06:35'),
(55, 'sunt', 10.00, 7, '2022-08-31 06:06:35', '2022-08-31 06:06:35'),
(56, 'velit', 15.00, 7, '2022-08-31 06:06:35', '2022-08-31 06:06:35'),
(57, 'provident', 15.00, 8, '2022-08-31 06:06:37', '2022-08-31 06:06:37'),
(58, 'inventore', 10.00, 8, '2022-08-31 06:06:37', '2022-08-31 06:06:37'),
(59, 'ut', 15.00, 8, '2022-08-31 06:06:37', '2022-08-31 06:06:37'),
(60, 'perferendis', 10.00, 8, '2022-08-31 06:06:38', '2022-08-31 06:06:38'),
(61, 'dolore', 10.00, 8, '2022-08-31 06:06:38', '2022-08-31 06:06:38'),
(62, 'repellat', 10.00, 8, '2022-08-31 06:06:38', '2022-08-31 06:06:38'),
(63, 'et', 5.00, 8, '2022-08-31 06:06:38', '2022-08-31 06:06:38'),
(64, 'velit', 5.00, 8, '2022-08-31 06:06:38', '2022-08-31 06:06:38');

-- --------------------------------------------------------

--
-- Estructura de tabla para la tabla `colors`
--

CREATE TABLE `colors` (
  `id` bigint(20) UNSIGNED NOT NULL,
  `nombre` varchar(255) COLLATE utf8mb4_unicode_ci NOT NULL,
  `created_at` timestamp NULL DEFAULT NULL,
  `updated_at` timestamp NULL DEFAULT NULL
) ENGINE=InnoDB DEFAULT CHARSET=utf8mb4 COLLATE=utf8mb4_unicode_ci;

--
-- Volcado de datos para la tabla `colors`
--

INSERT INTO `colors` (`id`, `nombre`, `created_at`, `updated_at`) VALUES
(1, 'white', '2022-08-31 06:06:19', '2022-08-31 06:06:19'),
(2, 'blue', '2022-08-31 06:06:19', '2022-08-31 06:06:19'),
(3, 'red', '2022-08-31 06:06:19', '2022-08-31 06:06:19'),
(4, 'black', '2022-08-31 06:06:19', '2022-08-31 06:06:19');

-- --------------------------------------------------------

--
-- Estructura de tabla para la tabla `color_medida`
--

CREATE TABLE `color_medida` (
  `id` bigint(20) UNSIGNED NOT NULL,
  `cantidad` int(11) NOT NULL,
  `color_id` bigint(20) UNSIGNED NOT NULL,
  `medida_id` bigint(20) UNSIGNED NOT NULL,
  `created_at` timestamp NULL DEFAULT NULL,
  `updated_at` timestamp NULL DEFAULT NULL
) ENGINE=InnoDB DEFAULT CHARSET=utf8mb4 COLLATE=utf8mb4_unicode_ci;

--
-- Volcado de datos para la tabla `color_medida`
--

INSERT INTO `color_medida` (`id`, `cantidad`, `color_id`, `medida_id`, `created_at`, `updated_at`) VALUES
(1, 10, 1, 1, NULL, NULL),
(2, 10, 2, 1, NULL, NULL),
(3, 10, 3, 1, NULL, NULL),
(4, 10, 4, 1, NULL, NULL),
(5, 10, 1, 2, NULL, NULL),
(6, 10, 2, 2, NULL, NULL),
(7, 10, 3, 2, NULL, NULL),
(8, 10, 4, 2, NULL, NULL),
(9, 10, 1, 3, NULL, NULL),
(10, 10, 2, 3, NULL, NULL),
(11, 10, 3, 3, NULL, NULL),
(12, 10, 4, 3, NULL, NULL),
(13, 10, 1, 4, NULL, NULL),
(14, 10, 2, 4, NULL, NULL),
(15, 10, 3, 4, NULL, NULL),
(16, 10, 4, 4, NULL, NULL),
(17, 10, 1, 5, NULL, NULL),
(18, 10, 2, 5, NULL, NULL),
(19, 10, 3, 5, NULL, NULL),
(20, 10, 4, 5, NULL, NULL),
(21, 10, 1, 6, NULL, NULL),
(22, 10, 2, 6, NULL, NULL),
(23, 10, 3, 6, NULL, NULL),
(24, 10, 4, 6, NULL, NULL);

-- --------------------------------------------------------

--
-- Estructura de tabla para la tabla `color_producto`
--

CREATE TABLE `color_producto` (
  `id` bigint(20) UNSIGNED NOT NULL,
  `cantidad` int(11) NOT NULL,
  `color_id` bigint(20) UNSIGNED NOT NULL,
  `producto_id` bigint(20) UNSIGNED NOT NULL,
  `created_at` timestamp NULL DEFAULT NULL,
  `updated_at` timestamp NULL DEFAULT NULL
) ENGINE=InnoDB DEFAULT CHARSET=utf8mb4 COLLATE=utf8mb4_unicode_ci;

--
-- Volcado de datos para la tabla `color_producto`
--

INSERT INTO `color_producto` (`id`, `cantidad`, `color_id`, `producto_id`, `created_at`, `updated_at`) VALUES
(1, 10, 1, 9, NULL, NULL),
(2, 10, 2, 9, NULL, NULL),
(3, 10, 3, 9, NULL, NULL),
(4, 10, 4, 9, NULL, NULL),
(5, 10, 1, 12, NULL, NULL),
(6, 10, 2, 12, NULL, NULL),
(7, 10, 3, 12, NULL, NULL),
(8, 10, 4, 12, NULL, NULL),
(9, 10, 1, 13, NULL, NULL),
(10, 10, 2, 13, NULL, NULL),
(11, 10, 3, 13, NULL, NULL),
(12, 10, 4, 13, NULL, NULL),
(13, 10, 1, 18, NULL, NULL),
(14, 10, 2, 18, NULL, NULL),
(15, 10, 3, 18, NULL, NULL),
(16, 10, 4, 18, NULL, NULL);

-- --------------------------------------------------------

--
-- Estructura de tabla para la tabla `departamentos`
--

CREATE TABLE `departamentos` (
  `id` bigint(20) UNSIGNED NOT NULL,
  `nombre` varchar(255) COLLATE utf8mb4_unicode_ci NOT NULL,
  `created_at` timestamp NULL DEFAULT NULL,
  `updated_at` timestamp NULL DEFAULT NULL
) ENGINE=InnoDB DEFAULT CHARSET=utf8mb4 COLLATE=utf8mb4_unicode_ci;

--
-- Volcado de datos para la tabla `departamentos`
--

INSERT INTO `departamentos` (`id`, `nombre`, `created_at`, `updated_at`) VALUES
(1, 'quo', '2022-08-31 06:06:20', '2022-08-31 06:06:20'),
(2, 'debitis', '2022-08-31 06:06:20', '2022-08-31 06:06:20'),
(3, 'impedit', '2022-08-31 06:06:20', '2022-08-31 06:06:20'),
(4, 'blanditiis', '2022-08-31 06:06:20', '2022-08-31 06:06:20'),
(5, 'voluptas', '2022-08-31 06:06:20', '2022-08-31 06:06:20'),
(6, 'aut', '2022-08-31 06:06:20', '2022-08-31 06:06:20'),
(7, 'est', '2022-08-31 06:06:20', '2022-08-31 06:06:20'),
(8, 'impedit', '2022-08-31 06:06:20', '2022-08-31 06:06:20');

-- --------------------------------------------------------

--
-- Estructura de tabla para la tabla `distritos`
--

CREATE TABLE `distritos` (
  `id` bigint(20) UNSIGNED NOT NULL,
  `nombre` varchar(255) COLLATE utf8mb4_unicode_ci NOT NULL,
  `ciudad_id` bigint(20) UNSIGNED NOT NULL,
  `created_at` timestamp NULL DEFAULT NULL,
  `updated_at` timestamp NULL DEFAULT NULL
) ENGINE=InnoDB DEFAULT CHARSET=utf8mb4 COLLATE=utf8mb4_unicode_ci;

--
-- Volcado de datos para la tabla `distritos`
--

INSERT INTO `distritos` (`id`, `nombre`, `ciudad_id`, `created_at`, `updated_at`) VALUES
(1, 'quibusdam', 1, '2022-08-31 06:06:20', '2022-08-31 06:06:20'),
(2, 'explicabo', 1, '2022-08-31 06:06:20', '2022-08-31 06:06:20'),
(3, 'ipsa', 1, '2022-08-31 06:06:20', '2022-08-31 06:06:20'),
(4, 'quibusdam', 1, '2022-08-31 06:06:21', '2022-08-31 06:06:21'),
(5, 'blanditiis', 1, '2022-08-31 06:06:21', '2022-08-31 06:06:21'),
(6, 'qui', 1, '2022-08-31 06:06:21', '2022-08-31 06:06:21'),
(7, 'sint', 1, '2022-08-31 06:06:21', '2022-08-31 06:06:21'),
(8, 'et', 1, '2022-08-31 06:06:21', '2022-08-31 06:06:21'),
(9, 'voluptatibus', 2, '2022-08-31 06:06:21', '2022-08-31 06:06:21'),
(10, 'et', 2, '2022-08-31 06:06:21', '2022-08-31 06:06:21'),
(11, 'et', 2, '2022-08-31 06:06:21', '2022-08-31 06:06:21'),
(12, 'possimus', 2, '2022-08-31 06:06:21', '2022-08-31 06:06:21'),
(13, 'velit', 2, '2022-08-31 06:06:21', '2022-08-31 06:06:21'),
(14, 'voluptas', 2, '2022-08-31 06:06:21', '2022-08-31 06:06:21'),
(15, 'reiciendis', 2, '2022-08-31 06:06:21', '2022-08-31 06:06:21'),
(16, 'est', 2, '2022-08-31 06:06:21', '2022-08-31 06:06:21'),
(17, 'atque', 3, '2022-08-31 06:06:21', '2022-08-31 06:06:21'),
(18, 'officiis', 3, '2022-08-31 06:06:21', '2022-08-31 06:06:21'),
(19, 'cupiditate', 3, '2022-08-31 06:06:21', '2022-08-31 06:06:21'),
(20, 'totam', 3, '2022-08-31 06:06:21', '2022-08-31 06:06:21'),
(21, 'iste', 3, '2022-08-31 06:06:21', '2022-08-31 06:06:21'),
(22, 'illum', 3, '2022-08-31 06:06:21', '2022-08-31 06:06:21'),
(23, 'quia', 3, '2022-08-31 06:06:21', '2022-08-31 06:06:21'),
(24, 'culpa', 3, '2022-08-31 06:06:21', '2022-08-31 06:06:21'),
(25, 'consequatur', 4, '2022-08-31 06:06:21', '2022-08-31 06:06:21'),
(26, 'ipsum', 4, '2022-08-31 06:06:21', '2022-08-31 06:06:21'),
(27, 'saepe', 4, '2022-08-31 06:06:21', '2022-08-31 06:06:21'),
(28, 'perspiciatis', 4, '2022-08-31 06:06:21', '2022-08-31 06:06:21'),
(29, 'quae', 4, '2022-08-31 06:06:21', '2022-08-31 06:06:21'),
(30, 'dolorum', 4, '2022-08-31 06:06:21', '2022-08-31 06:06:21'),
(31, 'dolore', 4, '2022-08-31 06:06:21', '2022-08-31 06:06:21'),
(32, 'illum', 4, '2022-08-31 06:06:21', '2022-08-31 06:06:21'),
(33, 'voluptatem', 5, '2022-08-31 06:06:21', '2022-08-31 06:06:21'),
(34, 'laborum', 5, '2022-08-31 06:06:21', '2022-08-31 06:06:21'),
(35, 'culpa', 5, '2022-08-31 06:06:21', '2022-08-31 06:06:21'),
(36, 'quibusdam', 5, '2022-08-31 06:06:21', '2022-08-31 06:06:21'),
(37, 'nostrum', 5, '2022-08-31 06:06:21', '2022-08-31 06:06:21'),
(38, 'sunt', 5, '2022-08-31 06:06:21', '2022-08-31 06:06:21'),
(39, 'magnam', 5, '2022-08-31 06:06:22', '2022-08-31 06:06:22'),
(40, 'reiciendis', 5, '2022-08-31 06:06:22', '2022-08-31 06:06:22'),
(41, 'voluptates', 6, '2022-08-31 06:06:22', '2022-08-31 06:06:22'),
(42, 'temporibus', 6, '2022-08-31 06:06:22', '2022-08-31 06:06:22'),
(43, 'totam', 6, '2022-08-31 06:06:22', '2022-08-31 06:06:22'),
(44, 'vitae', 6, '2022-08-31 06:06:22', '2022-08-31 06:06:22'),
(45, 'voluptates', 6, '2022-08-31 06:06:22', '2022-08-31 06:06:22'),
(46, 'iure', 6, '2022-08-31 06:06:22', '2022-08-31 06:06:22'),
(47, 'eum', 6, '2022-08-31 06:06:22', '2022-08-31 06:06:22'),
(48, 'accusamus', 6, '2022-08-31 06:06:22', '2022-08-31 06:06:22'),
(49, 'eaque', 7, '2022-08-31 06:06:22', '2022-08-31 06:06:22'),
(50, 'et', 7, '2022-08-31 06:06:22', '2022-08-31 06:06:22'),
(51, 'molestiae', 7, '2022-08-31 06:06:22', '2022-08-31 06:06:22'),
(52, 'omnis', 7, '2022-08-31 06:06:22', '2022-08-31 06:06:22'),
(53, 'nulla', 7, '2022-08-31 06:06:22', '2022-08-31 06:06:22'),
(54, 'sunt', 7, '2022-08-31 06:06:22', '2022-08-31 06:06:22'),
(55, 'dolorem', 7, '2022-08-31 06:06:22', '2022-08-31 06:06:22'),
(56, 'cumque', 7, '2022-08-31 06:06:22', '2022-08-31 06:06:22'),
(57, 'laudantium', 8, '2022-08-31 06:06:22', '2022-08-31 06:06:22'),
(58, 'quisquam', 8, '2022-08-31 06:06:22', '2022-08-31 06:06:22'),
(59, 'autem', 8, '2022-08-31 06:06:22', '2022-08-31 06:06:22'),
(60, 'aspernatur', 8, '2022-08-31 06:06:22', '2022-08-31 06:06:22'),
(61, 'consequatur', 8, '2022-08-31 06:06:22', '2022-08-31 06:06:22'),
(62, 'labore', 8, '2022-08-31 06:06:22', '2022-08-31 06:06:22'),
(63, 'harum', 8, '2022-08-31 06:06:22', '2022-08-31 06:06:22'),
(64, 'voluptates', 8, '2022-08-31 06:06:22', '2022-08-31 06:06:22'),
(65, 'id', 9, '2022-08-31 06:06:22', '2022-08-31 06:06:22'),
(66, 'sunt', 9, '2022-08-31 06:06:22', '2022-08-31 06:06:22'),
(67, 'perferendis', 9, '2022-08-31 06:06:22', '2022-08-31 06:06:22'),
(68, 'aperiam', 9, '2022-08-31 06:06:22', '2022-08-31 06:06:22'),
(69, 'eligendi', 9, '2022-08-31 06:06:23', '2022-08-31 06:06:23'),
(70, 'qui', 9, '2022-08-31 06:06:23', '2022-08-31 06:06:23'),
(71, 'quos', 9, '2022-08-31 06:06:23', '2022-08-31 06:06:23'),
(72, 'id', 9, '2022-08-31 06:06:23', '2022-08-31 06:06:23'),
(73, 'nobis', 10, '2022-08-31 06:06:23', '2022-08-31 06:06:23'),
(74, 'facere', 10, '2022-08-31 06:06:23', '2022-08-31 06:06:23'),
(75, 'rerum', 10, '2022-08-31 06:06:23', '2022-08-31 06:06:23'),
(76, 'fugiat', 10, '2022-08-31 06:06:23', '2022-08-31 06:06:23'),
(77, 'sed', 10, '2022-08-31 06:06:23', '2022-08-31 06:06:23'),
(78, 'saepe', 10, '2022-08-31 06:06:23', '2022-08-31 06:06:23'),
(79, 'laboriosam', 10, '2022-08-31 06:06:23', '2022-08-31 06:06:23'),
(80, 'doloribus', 10, '2022-08-31 06:06:23', '2022-08-31 06:06:23'),
(81, 'sunt', 11, '2022-08-31 06:06:23', '2022-08-31 06:06:23'),
(82, 'voluptate', 11, '2022-08-31 06:06:23', '2022-08-31 06:06:23'),
(83, 'corrupti', 11, '2022-08-31 06:06:23', '2022-08-31 06:06:23'),
(84, 'perspiciatis', 11, '2022-08-31 06:06:23', '2022-08-31 06:06:23'),
(85, 'repudiandae', 11, '2022-08-31 06:06:23', '2022-08-31 06:06:23'),
(86, 'quibusdam', 11, '2022-08-31 06:06:23', '2022-08-31 06:06:23'),
(87, 'consequatur', 11, '2022-08-31 06:06:23', '2022-08-31 06:06:23'),
(88, 'et', 11, '2022-08-31 06:06:23', '2022-08-31 06:06:23'),
(89, 'recusandae', 12, '2022-08-31 06:06:24', '2022-08-31 06:06:24'),
(90, 'rerum', 12, '2022-08-31 06:06:24', '2022-08-31 06:06:24'),
(91, 'ipsa', 12, '2022-08-31 06:06:24', '2022-08-31 06:06:24'),
(92, 'velit', 12, '2022-08-31 06:06:24', '2022-08-31 06:06:24'),
(93, 'voluptas', 12, '2022-08-31 06:06:24', '2022-08-31 06:06:24'),
(94, 'aut', 12, '2022-08-31 06:06:24', '2022-08-31 06:06:24'),
(95, 'nisi', 12, '2022-08-31 06:06:24', '2022-08-31 06:06:24'),
(96, 'ab', 12, '2022-08-31 06:06:24', '2022-08-31 06:06:24'),
(97, 'consequuntur', 13, '2022-08-31 06:06:24', '2022-08-31 06:06:24'),
(98, 'voluptas', 13, '2022-08-31 06:06:24', '2022-08-31 06:06:24'),
(99, 'unde', 13, '2022-08-31 06:06:24', '2022-08-31 06:06:24'),
(100, 'similique', 13, '2022-08-31 06:06:24', '2022-08-31 06:06:24'),
(101, 'occaecati', 13, '2022-08-31 06:06:24', '2022-08-31 06:06:24'),
(102, 'aut', 13, '2022-08-31 06:06:24', '2022-08-31 06:06:24'),
(103, 'omnis', 13, '2022-08-31 06:06:24', '2022-08-31 06:06:24'),
(104, 'repudiandae', 13, '2022-08-31 06:06:24', '2022-08-31 06:06:24'),
(105, 'impedit', 14, '2022-08-31 06:06:24', '2022-08-31 06:06:24'),
(106, 'adipisci', 14, '2022-08-31 06:06:24', '2022-08-31 06:06:24'),
(107, 'perspiciatis', 14, '2022-08-31 06:06:24', '2022-08-31 06:06:24'),
(108, 'debitis', 14, '2022-08-31 06:06:24', '2022-08-31 06:06:24'),
(109, 'est', 14, '2022-08-31 06:06:24', '2022-08-31 06:06:24'),
(110, 'excepturi', 14, '2022-08-31 06:06:24', '2022-08-31 06:06:24'),
(111, 'officia', 14, '2022-08-31 06:06:24', '2022-08-31 06:06:24'),
(112, 'consequatur', 14, '2022-08-31 06:06:24', '2022-08-31 06:06:24'),
(113, 'quam', 15, '2022-08-31 06:06:24', '2022-08-31 06:06:24'),
(114, 'consequatur', 15, '2022-08-31 06:06:24', '2022-08-31 06:06:24'),
(115, 'debitis', 15, '2022-08-31 06:06:25', '2022-08-31 06:06:25'),
(116, 'in', 15, '2022-08-31 06:06:25', '2022-08-31 06:06:25'),
(117, 'facere', 15, '2022-08-31 06:06:25', '2022-08-31 06:06:25'),
(118, 'cum', 15, '2022-08-31 06:06:25', '2022-08-31 06:06:25'),
(119, 'ut', 15, '2022-08-31 06:06:25', '2022-08-31 06:06:25'),
(120, 'dolorem', 15, '2022-08-31 06:06:25', '2022-08-31 06:06:25'),
(121, 'distinctio', 16, '2022-08-31 06:06:25', '2022-08-31 06:06:25'),
(122, 'neque', 16, '2022-08-31 06:06:25', '2022-08-31 06:06:25'),
(123, 'magnam', 16, '2022-08-31 06:06:25', '2022-08-31 06:06:25'),
(124, 'autem', 16, '2022-08-31 06:06:25', '2022-08-31 06:06:25'),
(125, 'qui', 16, '2022-08-31 06:06:25', '2022-08-31 06:06:25'),
(126, 'temporibus', 16, '2022-08-31 06:06:25', '2022-08-31 06:06:25'),
(127, 'labore', 16, '2022-08-31 06:06:25', '2022-08-31 06:06:25'),
(128, 'dolores', 16, '2022-08-31 06:06:25', '2022-08-31 06:06:25'),
(129, 'neque', 17, '2022-08-31 06:06:25', '2022-08-31 06:06:25'),
(130, 'voluptas', 17, '2022-08-31 06:06:25', '2022-08-31 06:06:25'),
(131, 'quaerat', 17, '2022-08-31 06:06:25', '2022-08-31 06:06:25'),
(132, 'laudantium', 17, '2022-08-31 06:06:25', '2022-08-31 06:06:25'),
(133, 'odio', 17, '2022-08-31 06:06:25', '2022-08-31 06:06:25'),
(134, 'voluptatem', 17, '2022-08-31 06:06:25', '2022-08-31 06:06:25'),
(135, 'nulla', 17, '2022-08-31 06:06:25', '2022-08-31 06:06:25'),
(136, 'veritatis', 17, '2022-08-31 06:06:25', '2022-08-31 06:06:25'),
(137, 'qui', 18, '2022-08-31 06:06:25', '2022-08-31 06:06:25'),
(138, 'fuga', 18, '2022-08-31 06:06:25', '2022-08-31 06:06:25'),
(139, 'quos', 18, '2022-08-31 06:06:25', '2022-08-31 06:06:25'),
(140, 'minus', 18, '2022-08-31 06:06:25', '2022-08-31 06:06:25'),
(141, 'cum', 18, '2022-08-31 06:06:26', '2022-08-31 06:06:26'),
(142, 'sunt', 18, '2022-08-31 06:06:26', '2022-08-31 06:06:26'),
(143, 'magnam', 18, '2022-08-31 06:06:26', '2022-08-31 06:06:26'),
(144, 'impedit', 18, '2022-08-31 06:06:26', '2022-08-31 06:06:26'),
(145, 'aliquam', 19, '2022-08-31 06:06:26', '2022-08-31 06:06:26'),
(146, 'praesentium', 19, '2022-08-31 06:06:26', '2022-08-31 06:06:26'),
(147, 'maiores', 19, '2022-08-31 06:06:26', '2022-08-31 06:06:26'),
(148, 'reiciendis', 19, '2022-08-31 06:06:26', '2022-08-31 06:06:26'),
(149, 'enim', 19, '2022-08-31 06:06:26', '2022-08-31 06:06:26'),
(150, 'enim', 19, '2022-08-31 06:06:26', '2022-08-31 06:06:26'),
(151, 'enim', 19, '2022-08-31 06:06:26', '2022-08-31 06:06:26'),
(152, 'aut', 19, '2022-08-31 06:06:26', '2022-08-31 06:06:26'),
(153, 'natus', 20, '2022-08-31 06:06:26', '2022-08-31 06:06:26'),
(154, 'quidem', 20, '2022-08-31 06:06:26', '2022-08-31 06:06:26'),
(155, 'sit', 20, '2022-08-31 06:06:26', '2022-08-31 06:06:26'),
(156, 'accusamus', 20, '2022-08-31 06:06:26', '2022-08-31 06:06:26'),
(157, 'rerum', 20, '2022-08-31 06:06:26', '2022-08-31 06:06:26'),
(158, 'id', 20, '2022-08-31 06:06:26', '2022-08-31 06:06:26'),
(159, 'nemo', 20, '2022-08-31 06:06:26', '2022-08-31 06:06:26'),
(160, 'est', 20, '2022-08-31 06:06:26', '2022-08-31 06:06:26'),
(161, 'aut', 21, '2022-08-31 06:06:26', '2022-08-31 06:06:26'),
(162, 'enim', 21, '2022-08-31 06:06:26', '2022-08-31 06:06:26'),
(163, 'ut', 21, '2022-08-31 06:06:26', '2022-08-31 06:06:26'),
(164, 'quo', 21, '2022-08-31 06:06:26', '2022-08-31 06:06:26'),
(165, 'voluptatem', 21, '2022-08-31 06:06:26', '2022-08-31 06:06:26'),
(166, 'ratione', 21, '2022-08-31 06:06:26', '2022-08-31 06:06:26'),
(167, 'dolores', 21, '2022-08-31 06:06:26', '2022-08-31 06:06:26'),
(168, 'dolorem', 21, '2022-08-31 06:06:26', '2022-08-31 06:06:26'),
(169, 'inventore', 22, '2022-08-31 06:06:26', '2022-08-31 06:06:26'),
(170, 'voluptatibus', 22, '2022-08-31 06:06:27', '2022-08-31 06:06:27'),
(171, 'omnis', 22, '2022-08-31 06:06:27', '2022-08-31 06:06:27'),
(172, 'sed', 22, '2022-08-31 06:06:27', '2022-08-31 06:06:27'),
(173, 'aut', 22, '2022-08-31 06:06:27', '2022-08-31 06:06:27'),
(174, 'amet', 22, '2022-08-31 06:06:27', '2022-08-31 06:06:27'),
(175, 'earum', 22, '2022-08-31 06:06:27', '2022-08-31 06:06:27'),
(176, 'laboriosam', 22, '2022-08-31 06:06:27', '2022-08-31 06:06:27'),
(177, 'quasi', 23, '2022-08-31 06:06:27', '2022-08-31 06:06:27'),
(178, 'incidunt', 23, '2022-08-31 06:06:27', '2022-08-31 06:06:27'),
(179, 'laudantium', 23, '2022-08-31 06:06:27', '2022-08-31 06:06:27'),
(180, 'temporibus', 23, '2022-08-31 06:06:27', '2022-08-31 06:06:27'),
(181, 'nemo', 23, '2022-08-31 06:06:27', '2022-08-31 06:06:27'),
(182, 'placeat', 23, '2022-08-31 06:06:27', '2022-08-31 06:06:27'),
(183, 'fugiat', 23, '2022-08-31 06:06:27', '2022-08-31 06:06:27'),
(184, 'cum', 23, '2022-08-31 06:06:27', '2022-08-31 06:06:27'),
(185, 'doloremque', 24, '2022-08-31 06:06:27', '2022-08-31 06:06:27'),
(186, 'magni', 24, '2022-08-31 06:06:27', '2022-08-31 06:06:27'),
(187, 'exercitationem', 24, '2022-08-31 06:06:27', '2022-08-31 06:06:27'),
(188, 'repudiandae', 24, '2022-08-31 06:06:27', '2022-08-31 06:06:27'),
(189, 'odit', 24, '2022-08-31 06:06:27', '2022-08-31 06:06:27'),
(190, 'id', 24, '2022-08-31 06:06:27', '2022-08-31 06:06:27'),
(191, 'repellendus', 24, '2022-08-31 06:06:27', '2022-08-31 06:06:27'),
(192, 'cum', 24, '2022-08-31 06:06:27', '2022-08-31 06:06:27'),
(193, 'ipsam', 25, '2022-08-31 06:06:28', '2022-08-31 06:06:28'),
(194, 'vero', 25, '2022-08-31 06:06:28', '2022-08-31 06:06:28'),
(195, 'animi', 25, '2022-08-31 06:06:28', '2022-08-31 06:06:28'),
(196, 'sit', 25, '2022-08-31 06:06:28', '2022-08-31 06:06:28'),
(197, 'cum', 25, '2022-08-31 06:06:28', '2022-08-31 06:06:28'),
(198, 'labore', 25, '2022-08-31 06:06:28', '2022-08-31 06:06:28'),
(199, 'fugiat', 25, '2022-08-31 06:06:28', '2022-08-31 06:06:28'),
(200, 'cumque', 25, '2022-08-31 06:06:28', '2022-08-31 06:06:28'),
(201, 'magni', 26, '2022-08-31 06:06:28', '2022-08-31 06:06:28'),
(202, 'velit', 26, '2022-08-31 06:06:28', '2022-08-31 06:06:28'),
(203, 'placeat', 26, '2022-08-31 06:06:28', '2022-08-31 06:06:28'),
(204, 'cupiditate', 26, '2022-08-31 06:06:28', '2022-08-31 06:06:28'),
(205, 'provident', 26, '2022-08-31 06:06:28', '2022-08-31 06:06:28'),
(206, 'ducimus', 26, '2022-08-31 06:06:28', '2022-08-31 06:06:28'),
(207, 'eum', 26, '2022-08-31 06:06:28', '2022-08-31 06:06:28'),
(208, 'est', 26, '2022-08-31 06:06:28', '2022-08-31 06:06:28'),
(209, 'recusandae', 27, '2022-08-31 06:06:28', '2022-08-31 06:06:28'),
(210, 'non', 27, '2022-08-31 06:06:28', '2022-08-31 06:06:28'),
(211, 'minus', 27, '2022-08-31 06:06:29', '2022-08-31 06:06:29'),
(212, 'aut', 27, '2022-08-31 06:06:29', '2022-08-31 06:06:29'),
(213, 'molestias', 27, '2022-08-31 06:06:29', '2022-08-31 06:06:29'),
(214, 'corrupti', 27, '2022-08-31 06:06:29', '2022-08-31 06:06:29'),
(215, 'et', 27, '2022-08-31 06:06:29', '2022-08-31 06:06:29'),
(216, 'voluptates', 27, '2022-08-31 06:06:29', '2022-08-31 06:06:29'),
(217, 'est', 28, '2022-08-31 06:06:29', '2022-08-31 06:06:29'),
(218, 'ab', 28, '2022-08-31 06:06:29', '2022-08-31 06:06:29'),
(219, 'aut', 28, '2022-08-31 06:06:29', '2022-08-31 06:06:29'),
(220, 'aliquid', 28, '2022-08-31 06:06:29', '2022-08-31 06:06:29'),
(221, 'ea', 28, '2022-08-31 06:06:29', '2022-08-31 06:06:29'),
(222, 'soluta', 28, '2022-08-31 06:06:29', '2022-08-31 06:06:29'),
(223, 'laborum', 28, '2022-08-31 06:06:29', '2022-08-31 06:06:29'),
(224, 'explicabo', 28, '2022-08-31 06:06:29', '2022-08-31 06:06:29'),
(225, 'qui', 29, '2022-08-31 06:06:29', '2022-08-31 06:06:29'),
(226, 'neque', 29, '2022-08-31 06:06:29', '2022-08-31 06:06:29'),
(227, 'qui', 29, '2022-08-31 06:06:29', '2022-08-31 06:06:29'),
(228, 'nemo', 29, '2022-08-31 06:06:29', '2022-08-31 06:06:29'),
(229, 'consequatur', 29, '2022-08-31 06:06:29', '2022-08-31 06:06:29'),
(230, 'consequuntur', 29, '2022-08-31 06:06:29', '2022-08-31 06:06:29'),
(231, 'ullam', 29, '2022-08-31 06:06:29', '2022-08-31 06:06:29'),
(232, 'sit', 29, '2022-08-31 06:06:29', '2022-08-31 06:06:29'),
(233, 'et', 30, '2022-08-31 06:06:29', '2022-08-31 06:06:29'),
(234, 'atque', 30, '2022-08-31 06:06:29', '2022-08-31 06:06:29'),
(235, 'recusandae', 30, '2022-08-31 06:06:29', '2022-08-31 06:06:29'),
(236, 'debitis', 30, '2022-08-31 06:06:29', '2022-08-31 06:06:29'),
(237, 'quod', 30, '2022-08-31 06:06:29', '2022-08-31 06:06:29'),
(238, 'ut', 30, '2022-08-31 06:06:29', '2022-08-31 06:06:29'),
(239, 'dicta', 30, '2022-08-31 06:06:29', '2022-08-31 06:06:29'),
(240, 'mollitia', 30, '2022-08-31 06:06:29', '2022-08-31 06:06:29'),
(241, 'commodi', 31, '2022-08-31 06:06:29', '2022-08-31 06:06:29'),
(242, 'et', 31, '2022-08-31 06:06:29', '2022-08-31 06:06:29'),
(243, 'est', 31, '2022-08-31 06:06:29', '2022-08-31 06:06:29'),
(244, 'et', 31, '2022-08-31 06:06:30', '2022-08-31 06:06:30'),
(245, 'magnam', 31, '2022-08-31 06:06:30', '2022-08-31 06:06:30'),
(246, 'dicta', 31, '2022-08-31 06:06:30', '2022-08-31 06:06:30'),
(247, 'at', 31, '2022-08-31 06:06:30', '2022-08-31 06:06:30'),
(248, 'adipisci', 31, '2022-08-31 06:06:30', '2022-08-31 06:06:30'),
(249, 'itaque', 32, '2022-08-31 06:06:30', '2022-08-31 06:06:30'),
(250, 'labore', 32, '2022-08-31 06:06:30', '2022-08-31 06:06:30'),
(251, 'tempore', 32, '2022-08-31 06:06:30', '2022-08-31 06:06:30'),
(252, 'possimus', 32, '2022-08-31 06:06:30', '2022-08-31 06:06:30'),
(253, 'voluptatem', 32, '2022-08-31 06:06:30', '2022-08-31 06:06:30'),
(254, 'voluptatum', 32, '2022-08-31 06:06:30', '2022-08-31 06:06:30'),
(255, 'necessitatibus', 32, '2022-08-31 06:06:30', '2022-08-31 06:06:30'),
(256, 'incidunt', 32, '2022-08-31 06:06:30', '2022-08-31 06:06:30'),
(257, 'adipisci', 33, '2022-08-31 06:06:30', '2022-08-31 06:06:30'),
(258, 'doloremque', 33, '2022-08-31 06:06:30', '2022-08-31 06:06:30'),
(259, 'dolores', 33, '2022-08-31 06:06:30', '2022-08-31 06:06:30'),
(260, 'non', 33, '2022-08-31 06:06:30', '2022-08-31 06:06:30'),
(261, 'eligendi', 33, '2022-08-31 06:06:30', '2022-08-31 06:06:30'),
(262, 'iure', 33, '2022-08-31 06:06:30', '2022-08-31 06:06:30'),
(263, 'rerum', 33, '2022-08-31 06:06:30', '2022-08-31 06:06:30'),
(264, 'rerum', 33, '2022-08-31 06:06:30', '2022-08-31 06:06:30'),
(265, 'dolores', 34, '2022-08-31 06:06:30', '2022-08-31 06:06:30'),
(266, 'consequatur', 34, '2022-08-31 06:06:30', '2022-08-31 06:06:30'),
(267, 'enim', 34, '2022-08-31 06:06:30', '2022-08-31 06:06:30'),
(268, 'enim', 34, '2022-08-31 06:06:30', '2022-08-31 06:06:30'),
(269, 'inventore', 34, '2022-08-31 06:06:30', '2022-08-31 06:06:30'),
(270, 'temporibus', 34, '2022-08-31 06:06:30', '2022-08-31 06:06:30'),
(271, 'sint', 34, '2022-08-31 06:06:30', '2022-08-31 06:06:30'),
(272, 'laboriosam', 34, '2022-08-31 06:06:30', '2022-08-31 06:06:30'),
(273, 'consequatur', 35, '2022-08-31 06:06:31', '2022-08-31 06:06:31'),
(274, 'laborum', 35, '2022-08-31 06:06:31', '2022-08-31 06:06:31'),
(275, 'praesentium', 35, '2022-08-31 06:06:31', '2022-08-31 06:06:31'),
(276, 'occaecati', 35, '2022-08-31 06:06:31', '2022-08-31 06:06:31'),
(277, 'ut', 35, '2022-08-31 06:06:31', '2022-08-31 06:06:31'),
(278, 'iure', 35, '2022-08-31 06:06:31', '2022-08-31 06:06:31'),
(279, 'corrupti', 35, '2022-08-31 06:06:31', '2022-08-31 06:06:31'),
(280, 'cum', 35, '2022-08-31 06:06:31', '2022-08-31 06:06:31'),
(281, 'commodi', 36, '2022-08-31 06:06:31', '2022-08-31 06:06:31'),
(282, 'provident', 36, '2022-08-31 06:06:31', '2022-08-31 06:06:31'),
(283, 'qui', 36, '2022-08-31 06:06:31', '2022-08-31 06:06:31'),
(284, 'voluptas', 36, '2022-08-31 06:06:31', '2022-08-31 06:06:31'),
(285, 'officia', 36, '2022-08-31 06:06:31', '2022-08-31 06:06:31'),
(286, 'sint', 36, '2022-08-31 06:06:31', '2022-08-31 06:06:31'),
(287, 'commodi', 36, '2022-08-31 06:06:31', '2022-08-31 06:06:31'),
(288, 'enim', 36, '2022-08-31 06:06:31', '2022-08-31 06:06:31'),
(289, 'numquam', 37, '2022-08-31 06:06:31', '2022-08-31 06:06:31'),
(290, 'culpa', 37, '2022-08-31 06:06:31', '2022-08-31 06:06:31'),
(291, 'dolorem', 37, '2022-08-31 06:06:31', '2022-08-31 06:06:31'),
(292, 'inventore', 37, '2022-08-31 06:06:31', '2022-08-31 06:06:31'),
(293, 'voluptate', 37, '2022-08-31 06:06:31', '2022-08-31 06:06:31'),
(294, 'beatae', 37, '2022-08-31 06:06:31', '2022-08-31 06:06:31'),
(295, 'cumque', 37, '2022-08-31 06:06:31', '2022-08-31 06:06:31'),
(296, 'provident', 37, '2022-08-31 06:06:31', '2022-08-31 06:06:31'),
(297, 'est', 38, '2022-08-31 06:06:31', '2022-08-31 06:06:31'),
(298, 'nam', 38, '2022-08-31 06:06:31', '2022-08-31 06:06:31'),
(299, 'et', 38, '2022-08-31 06:06:31', '2022-08-31 06:06:31'),
(300, 'ut', 38, '2022-08-31 06:06:31', '2022-08-31 06:06:31'),
(301, 'quia', 38, '2022-08-31 06:06:31', '2022-08-31 06:06:31'),
(302, 'sit', 38, '2022-08-31 06:06:32', '2022-08-31 06:06:32'),
(303, 'libero', 38, '2022-08-31 06:06:32', '2022-08-31 06:06:32'),
(304, 'ut', 38, '2022-08-31 06:06:32', '2022-08-31 06:06:32'),
(305, 'odit', 39, '2022-08-31 06:06:32', '2022-08-31 06:06:32'),
(306, 'et', 39, '2022-08-31 06:06:32', '2022-08-31 06:06:32'),
(307, 'quia', 39, '2022-08-31 06:06:32', '2022-08-31 06:06:32'),
(308, 'magnam', 39, '2022-08-31 06:06:32', '2022-08-31 06:06:32'),
(309, 'provident', 39, '2022-08-31 06:06:32', '2022-08-31 06:06:32'),
(310, 'qui', 39, '2022-08-31 06:06:32', '2022-08-31 06:06:32'),
(311, 'ut', 39, '2022-08-31 06:06:32', '2022-08-31 06:06:32'),
(312, 'ex', 39, '2022-08-31 06:06:32', '2022-08-31 06:06:32'),
(313, 'ut', 40, '2022-08-31 06:06:32', '2022-08-31 06:06:32'),
(314, 'ipsa', 40, '2022-08-31 06:06:32', '2022-08-31 06:06:32'),
(315, 'reprehenderit', 40, '2022-08-31 06:06:32', '2022-08-31 06:06:32'),
(316, 'incidunt', 40, '2022-08-31 06:06:32', '2022-08-31 06:06:32'),
(317, 'eos', 40, '2022-08-31 06:06:32', '2022-08-31 06:06:32'),
(318, 'nesciunt', 40, '2022-08-31 06:06:32', '2022-08-31 06:06:32'),
(319, 'voluptates', 40, '2022-08-31 06:06:32', '2022-08-31 06:06:32'),
(320, 'quaerat', 40, '2022-08-31 06:06:32', '2022-08-31 06:06:32'),
(321, 'dolorum', 41, '2022-08-31 06:06:32', '2022-08-31 06:06:32'),
(322, 'praesentium', 41, '2022-08-31 06:06:32', '2022-08-31 06:06:32'),
(323, 'nostrum', 41, '2022-08-31 06:06:32', '2022-08-31 06:06:32'),
(324, 'iure', 41, '2022-08-31 06:06:32', '2022-08-31 06:06:32'),
(325, 'eos', 41, '2022-08-31 06:06:32', '2022-08-31 06:06:32'),
(326, 'sit', 41, '2022-08-31 06:06:32', '2022-08-31 06:06:32'),
(327, 'laboriosam', 41, '2022-08-31 06:06:32', '2022-08-31 06:06:32'),
(328, 'et', 41, '2022-08-31 06:06:32', '2022-08-31 06:06:32'),
(329, 'explicabo', 42, '2022-08-31 06:06:32', '2022-08-31 06:06:32'),
(330, 'consectetur', 42, '2022-08-31 06:06:32', '2022-08-31 06:06:32'),
(331, 'consequatur', 42, '2022-08-31 06:06:32', '2022-08-31 06:06:32'),
(332, 'quia', 42, '2022-08-31 06:06:33', '2022-08-31 06:06:33'),
(333, 'culpa', 42, '2022-08-31 06:06:33', '2022-08-31 06:06:33'),
(334, 'non', 42, '2022-08-31 06:06:33', '2022-08-31 06:06:33'),
(335, 'ea', 42, '2022-08-31 06:06:33', '2022-08-31 06:06:33'),
(336, 'officiis', 42, '2022-08-31 06:06:33', '2022-08-31 06:06:33'),
(337, 'inventore', 43, '2022-08-31 06:06:33', '2022-08-31 06:06:33'),
(338, 'dolorem', 43, '2022-08-31 06:06:33', '2022-08-31 06:06:33'),
(339, 'velit', 43, '2022-08-31 06:06:33', '2022-08-31 06:06:33'),
(340, 'dolor', 43, '2022-08-31 06:06:33', '2022-08-31 06:06:33'),
(341, 'facilis', 43, '2022-08-31 06:06:33', '2022-08-31 06:06:33'),
(342, 'fugit', 43, '2022-08-31 06:06:33', '2022-08-31 06:06:33'),
(343, 'eum', 43, '2022-08-31 06:06:33', '2022-08-31 06:06:33'),
(344, 'sint', 43, '2022-08-31 06:06:33', '2022-08-31 06:06:33'),
(345, 'et', 44, '2022-08-31 06:06:33', '2022-08-31 06:06:33'),
(346, 'incidunt', 44, '2022-08-31 06:06:33', '2022-08-31 06:06:33'),
(347, 'voluptas', 44, '2022-08-31 06:06:33', '2022-08-31 06:06:33'),
(348, 'sunt', 44, '2022-08-31 06:06:33', '2022-08-31 06:06:33'),
(349, 'nisi', 44, '2022-08-31 06:06:33', '2022-08-31 06:06:33'),
(350, 'error', 44, '2022-08-31 06:06:33', '2022-08-31 06:06:33'),
(351, 'quos', 44, '2022-08-31 06:06:33', '2022-08-31 06:06:33'),
(352, 'voluptatem', 44, '2022-08-31 06:06:33', '2022-08-31 06:06:33'),
(353, 'rerum', 45, '2022-08-31 06:06:33', '2022-08-31 06:06:33'),
(354, 'in', 45, '2022-08-31 06:06:33', '2022-08-31 06:06:33'),
(355, 'nemo', 45, '2022-08-31 06:06:33', '2022-08-31 06:06:33'),
(356, 'ab', 45, '2022-08-31 06:06:33', '2022-08-31 06:06:33'),
(357, 'maiores', 45, '2022-08-31 06:06:33', '2022-08-31 06:06:33'),
(358, 'quidem', 45, '2022-08-31 06:06:33', '2022-08-31 06:06:33'),
(359, 'quasi', 45, '2022-08-31 06:06:33', '2022-08-31 06:06:33'),
(360, 'voluptates', 45, '2022-08-31 06:06:33', '2022-08-31 06:06:33'),
(361, 'ut', 46, '2022-08-31 06:06:33', '2022-08-31 06:06:33'),
(362, 'commodi', 46, '2022-08-31 06:06:33', '2022-08-31 06:06:33'),
(363, 'necessitatibus', 46, '2022-08-31 06:06:33', '2022-08-31 06:06:33'),
(364, 'rem', 46, '2022-08-31 06:06:34', '2022-08-31 06:06:34'),
(365, 'impedit', 46, '2022-08-31 06:06:34', '2022-08-31 06:06:34'),
(366, 'laborum', 46, '2022-08-31 06:06:34', '2022-08-31 06:06:34'),
(367, 'fugit', 46, '2022-08-31 06:06:34', '2022-08-31 06:06:34'),
(368, 'et', 46, '2022-08-31 06:06:34', '2022-08-31 06:06:34'),
(369, 'voluptates', 47, '2022-08-31 06:06:34', '2022-08-31 06:06:34'),
(370, 'aspernatur', 47, '2022-08-31 06:06:34', '2022-08-31 06:06:34'),
(371, 'expedita', 47, '2022-08-31 06:06:34', '2022-08-31 06:06:34'),
(372, 'rerum', 47, '2022-08-31 06:06:34', '2022-08-31 06:06:34'),
(373, 'expedita', 47, '2022-08-31 06:06:34', '2022-08-31 06:06:34'),
(374, 'exercitationem', 47, '2022-08-31 06:06:34', '2022-08-31 06:06:34'),
(375, 'error', 47, '2022-08-31 06:06:34', '2022-08-31 06:06:34'),
(376, 'occaecati', 47, '2022-08-31 06:06:34', '2022-08-31 06:06:34'),
(377, 'veritatis', 48, '2022-08-31 06:06:34', '2022-08-31 06:06:34'),
(378, 'non', 48, '2022-08-31 06:06:34', '2022-08-31 06:06:34'),
(379, 'amet', 48, '2022-08-31 06:06:34', '2022-08-31 06:06:34'),
(380, 'et', 48, '2022-08-31 06:06:34', '2022-08-31 06:06:34'),
(381, 'repellat', 48, '2022-08-31 06:06:34', '2022-08-31 06:06:34'),
(382, 'inventore', 48, '2022-08-31 06:06:34', '2022-08-31 06:06:34'),
(383, 'dolores', 48, '2022-08-31 06:06:34', '2022-08-31 06:06:34'),
(384, 'repellat', 48, '2022-08-31 06:06:34', '2022-08-31 06:06:34'),
(385, 'est', 49, '2022-08-31 06:06:35', '2022-08-31 06:06:35'),
(386, 'ratione', 49, '2022-08-31 06:06:35', '2022-08-31 06:06:35'),
(387, 'qui', 49, '2022-08-31 06:06:35', '2022-08-31 06:06:35'),
(388, 'veritatis', 49, '2022-08-31 06:06:35', '2022-08-31 06:06:35'),
(389, 'voluptatum', 49, '2022-08-31 06:06:35', '2022-08-31 06:06:35'),
(390, 'impedit', 49, '2022-08-31 06:06:35', '2022-08-31 06:06:35'),
(391, 'consequatur', 49, '2022-08-31 06:06:35', '2022-08-31 06:06:35'),
(392, 'consequatur', 49, '2022-08-31 06:06:35', '2022-08-31 06:06:35'),
(393, 'velit', 50, '2022-08-31 06:06:35', '2022-08-31 06:06:35'),
(394, 'quas', 50, '2022-08-31 06:06:35', '2022-08-31 06:06:35'),
(395, 'voluptatem', 50, '2022-08-31 06:06:35', '2022-08-31 06:06:35'),
(396, 'ipsam', 50, '2022-08-31 06:06:35', '2022-08-31 06:06:35'),
(397, 'consequatur', 50, '2022-08-31 06:06:35', '2022-08-31 06:06:35'),
(398, 'cum', 50, '2022-08-31 06:06:35', '2022-08-31 06:06:35'),
(399, 'pariatur', 50, '2022-08-31 06:06:35', '2022-08-31 06:06:35'),
(400, 'ad', 50, '2022-08-31 06:06:35', '2022-08-31 06:06:35'),
(401, 'porro', 51, '2022-08-31 06:06:35', '2022-08-31 06:06:35'),
(402, 'deserunt', 51, '2022-08-31 06:06:35', '2022-08-31 06:06:35'),
(403, 'rem', 51, '2022-08-31 06:06:35', '2022-08-31 06:06:35'),
(404, 'atque', 51, '2022-08-31 06:06:35', '2022-08-31 06:06:35'),
(405, 'est', 51, '2022-08-31 06:06:35', '2022-08-31 06:06:35'),
(406, 'enim', 51, '2022-08-31 06:06:35', '2022-08-31 06:06:35'),
(407, 'ad', 51, '2022-08-31 06:06:35', '2022-08-31 06:06:35'),
(408, 'et', 51, '2022-08-31 06:06:35', '2022-08-31 06:06:35'),
(409, 'ut', 52, '2022-08-31 06:06:35', '2022-08-31 06:06:35'),
(410, 'quia', 52, '2022-08-31 06:06:35', '2022-08-31 06:06:35'),
(411, 'velit', 52, '2022-08-31 06:06:35', '2022-08-31 06:06:35'),
(412, 'quibusdam', 52, '2022-08-31 06:06:36', '2022-08-31 06:06:36'),
(413, 'id', 52, '2022-08-31 06:06:36', '2022-08-31 06:06:36'),
(414, 'quis', 52, '2022-08-31 06:06:36', '2022-08-31 06:06:36'),
(415, 'saepe', 52, '2022-08-31 06:06:36', '2022-08-31 06:06:36'),
(416, 'quia', 52, '2022-08-31 06:06:36', '2022-08-31 06:06:36'),
(417, 'labore', 53, '2022-08-31 06:06:36', '2022-08-31 06:06:36'),
(418, 'quos', 53, '2022-08-31 06:06:36', '2022-08-31 06:06:36'),
(419, 'eos', 53, '2022-08-31 06:06:36', '2022-08-31 06:06:36'),
(420, 'omnis', 53, '2022-08-31 06:06:36', '2022-08-31 06:06:36'),
(421, 'inventore', 53, '2022-08-31 06:06:36', '2022-08-31 06:06:36'),
(422, 'quas', 53, '2022-08-31 06:06:36', '2022-08-31 06:06:36'),
(423, 'nihil', 53, '2022-08-31 06:06:36', '2022-08-31 06:06:36'),
(424, 'accusamus', 53, '2022-08-31 06:06:36', '2022-08-31 06:06:36'),
(425, 'ut', 54, '2022-08-31 06:06:36', '2022-08-31 06:06:36'),
(426, 'sit', 54, '2022-08-31 06:06:36', '2022-08-31 06:06:36'),
(427, 'tempora', 54, '2022-08-31 06:06:36', '2022-08-31 06:06:36'),
(428, 'nobis', 54, '2022-08-31 06:06:36', '2022-08-31 06:06:36'),
(429, 'quis', 54, '2022-08-31 06:06:36', '2022-08-31 06:06:36'),
(430, 'quam', 54, '2022-08-31 06:06:36', '2022-08-31 06:06:36'),
(431, 'eaque', 54, '2022-08-31 06:06:36', '2022-08-31 06:06:36'),
(432, 'quo', 54, '2022-08-31 06:06:36', '2022-08-31 06:06:36'),
(433, 'dolores', 55, '2022-08-31 06:06:36', '2022-08-31 06:06:36'),
(434, 'alias', 55, '2022-08-31 06:06:36', '2022-08-31 06:06:36'),
(435, 'commodi', 55, '2022-08-31 06:06:36', '2022-08-31 06:06:36'),
(436, 'id', 55, '2022-08-31 06:06:36', '2022-08-31 06:06:36'),
(437, 'molestias', 55, '2022-08-31 06:06:37', '2022-08-31 06:06:37'),
(438, 'totam', 55, '2022-08-31 06:06:37', '2022-08-31 06:06:37'),
(439, 'eveniet', 55, '2022-08-31 06:06:37', '2022-08-31 06:06:37'),
(440, 'nostrum', 55, '2022-08-31 06:06:37', '2022-08-31 06:06:37'),
(441, 'non', 56, '2022-08-31 06:06:37', '2022-08-31 06:06:37'),
(442, 'ex', 56, '2022-08-31 06:06:37', '2022-08-31 06:06:37'),
(443, 'et', 56, '2022-08-31 06:06:37', '2022-08-31 06:06:37'),
(444, 'rerum', 56, '2022-08-31 06:06:37', '2022-08-31 06:06:37'),
(445, 'et', 56, '2022-08-31 06:06:37', '2022-08-31 06:06:37'),
(446, 'odit', 56, '2022-08-31 06:06:37', '2022-08-31 06:06:37'),
(447, 'omnis', 56, '2022-08-31 06:06:37', '2022-08-31 06:06:37'),
(448, 'rerum', 56, '2022-08-31 06:06:37', '2022-08-31 06:06:37'),
(449, 'quidem', 57, '2022-08-31 06:06:38', '2022-08-31 06:06:38'),
(450, 'nulla', 57, '2022-08-31 06:06:38', '2022-08-31 06:06:38'),
(451, 'perspiciatis', 57, '2022-08-31 06:06:38', '2022-08-31 06:06:38'),
(452, 'qui', 57, '2022-08-31 06:06:38', '2022-08-31 06:06:38'),
(453, 'aperiam', 57, '2022-08-31 06:06:38', '2022-08-31 06:06:38'),
(454, 'quisquam', 57, '2022-08-31 06:06:38', '2022-08-31 06:06:38'),
(455, 'molestiae', 57, '2022-08-31 06:06:38', '2022-08-31 06:06:38'),
(456, 'consequuntur', 57, '2022-08-31 06:06:38', '2022-08-31 06:06:38'),
(457, 'quasi', 58, '2022-08-31 06:06:38', '2022-08-31 06:06:38'),
(458, 'adipisci', 58, '2022-08-31 06:06:38', '2022-08-31 06:06:38'),
(459, 'laborum', 58, '2022-08-31 06:06:38', '2022-08-31 06:06:38'),
(460, 'beatae', 58, '2022-08-31 06:06:38', '2022-08-31 06:06:38'),
(461, 'odit', 58, '2022-08-31 06:06:38', '2022-08-31 06:06:38'),
(462, 'vitae', 58, '2022-08-31 06:06:38', '2022-08-31 06:06:38'),
(463, 'fugit', 58, '2022-08-31 06:06:38', '2022-08-31 06:06:38'),
(464, 'non', 58, '2022-08-31 06:06:38', '2022-08-31 06:06:38'),
(465, 'debitis', 59, '2022-08-31 06:06:38', '2022-08-31 06:06:38'),
(466, 'et', 59, '2022-08-31 06:06:38', '2022-08-31 06:06:38'),
(467, 'incidunt', 59, '2022-08-31 06:06:38', '2022-08-31 06:06:38'),
(468, 'et', 59, '2022-08-31 06:06:38', '2022-08-31 06:06:38'),
(469, 'rem', 59, '2022-08-31 06:06:38', '2022-08-31 06:06:38'),
(470, 'est', 59, '2022-08-31 06:06:38', '2022-08-31 06:06:38'),
(471, 'autem', 59, '2022-08-31 06:06:38', '2022-08-31 06:06:38'),
(472, 'a', 59, '2022-08-31 06:06:38', '2022-08-31 06:06:38'),
(473, 'reiciendis', 60, '2022-08-31 06:06:38', '2022-08-31 06:06:38'),
(474, 'et', 60, '2022-08-31 06:06:38', '2022-08-31 06:06:38'),
(475, 'quidem', 60, '2022-08-31 06:06:38', '2022-08-31 06:06:38'),
(476, 'dolores', 60, '2022-08-31 06:06:38', '2022-08-31 06:06:38'),
(477, 'officia', 60, '2022-08-31 06:06:38', '2022-08-31 06:06:38'),
(478, 'ipsam', 60, '2022-08-31 06:06:38', '2022-08-31 06:06:38'),
(479, 'corrupti', 60, '2022-08-31 06:06:39', '2022-08-31 06:06:39'),
(480, 'ex', 60, '2022-08-31 06:06:39', '2022-08-31 06:06:39'),
(481, 'quo', 61, '2022-08-31 06:06:39', '2022-08-31 06:06:39'),
(482, 'ea', 61, '2022-08-31 06:06:39', '2022-08-31 06:06:39'),
(483, 'exercitationem', 61, '2022-08-31 06:06:39', '2022-08-31 06:06:39'),
(484, 'quod', 61, '2022-08-31 06:06:39', '2022-08-31 06:06:39'),
(485, 'consequatur', 61, '2022-08-31 06:06:39', '2022-08-31 06:06:39'),
(486, 'eligendi', 61, '2022-08-31 06:06:39', '2022-08-31 06:06:39'),
(487, 'necessitatibus', 61, '2022-08-31 06:06:39', '2022-08-31 06:06:39'),
(488, 'enim', 61, '2022-08-31 06:06:39', '2022-08-31 06:06:39'),
(489, 'amet', 62, '2022-08-31 06:06:39', '2022-08-31 06:06:39'),
(490, 'debitis', 62, '2022-08-31 06:06:39', '2022-08-31 06:06:39'),
(491, 'beatae', 62, '2022-08-31 06:06:39', '2022-08-31 06:06:39'),
(492, 'vitae', 62, '2022-08-31 06:06:39', '2022-08-31 06:06:39'),
(493, 'soluta', 62, '2022-08-31 06:06:39', '2022-08-31 06:06:39'),
(494, 'ad', 62, '2022-08-31 06:06:39', '2022-08-31 06:06:39'),
(495, 'adipisci', 62, '2022-08-31 06:06:39', '2022-08-31 06:06:39'),
(496, 'libero', 62, '2022-08-31 06:06:39', '2022-08-31 06:06:39'),
(497, 'aperiam', 63, '2022-08-31 06:06:39', '2022-08-31 06:06:39'),
(498, 'ratione', 63, '2022-08-31 06:06:39', '2022-08-31 06:06:39'),
(499, 'voluptatem', 63, '2022-08-31 06:06:39', '2022-08-31 06:06:39'),
(500, 'quibusdam', 63, '2022-08-31 06:06:39', '2022-08-31 06:06:39'),
(501, 'et', 63, '2022-08-31 06:06:39', '2022-08-31 06:06:39'),
(502, 'molestias', 63, '2022-08-31 06:06:39', '2022-08-31 06:06:39'),
(503, 'blanditiis', 63, '2022-08-31 06:06:39', '2022-08-31 06:06:39'),
(504, 'officiis', 63, '2022-08-31 06:06:39', '2022-08-31 06:06:39'),
(505, 'voluptate', 64, '2022-08-31 06:06:39', '2022-08-31 06:06:39'),
(506, 'ea', 64, '2022-08-31 06:06:39', '2022-08-31 06:06:39'),
(507, 'placeat', 64, '2022-08-31 06:06:40', '2022-08-31 06:06:40'),
(508, 'provident', 64, '2022-08-31 06:06:40', '2022-08-31 06:06:40'),
(509, 'sint', 64, '2022-08-31 06:06:40', '2022-08-31 06:06:40'),
(510, 'mollitia', 64, '2022-08-31 06:06:40', '2022-08-31 06:06:40'),
(511, 'blanditiis', 64, '2022-08-31 06:06:40', '2022-08-31 06:06:40'),
(512, 'consequatur', 64, '2022-08-31 06:06:40', '2022-08-31 06:06:40');

-- --------------------------------------------------------

--
-- Estructura de tabla para la tabla `failed_jobs`
--

CREATE TABLE `failed_jobs` (
  `id` bigint(20) UNSIGNED NOT NULL,
  `uuid` varchar(255) COLLATE utf8mb4_unicode_ci NOT NULL,
  `connection` text COLLATE utf8mb4_unicode_ci NOT NULL,
  `queue` text COLLATE utf8mb4_unicode_ci NOT NULL,
  `payload` longtext COLLATE utf8mb4_unicode_ci NOT NULL,
  `exception` longtext COLLATE utf8mb4_unicode_ci NOT NULL,
  `failed_at` timestamp NOT NULL DEFAULT current_timestamp()
) ENGINE=InnoDB DEFAULT CHARSET=utf8mb4 COLLATE=utf8mb4_unicode_ci;

-- --------------------------------------------------------

--
-- Estructura de tabla para la tabla `imagens`
--

CREATE TABLE `imagens` (
  `id` bigint(20) UNSIGNED NOT NULL,
  `url` varchar(255) COLLATE utf8mb4_unicode_ci NOT NULL,
  `imageable_id` bigint(20) UNSIGNED NOT NULL,
  `imageable_type` varchar(255) COLLATE utf8mb4_unicode_ci NOT NULL,
  `created_at` timestamp NULL DEFAULT NULL,
  `updated_at` timestamp NULL DEFAULT NULL
) ENGINE=InnoDB DEFAULT CHARSET=utf8mb4 COLLATE=utf8mb4_unicode_ci;

--
-- Volcado de datos para la tabla `imagens`
--

INSERT INTO `imagens` (`id`, `url`, `imageable_id`, `imageable_type`, `created_at`, `updated_at`) VALUES
(1, 'productos/49a3225f7e2675567c5c0d2252d7e40f.png', 1, 'App\\Models\\Producto', '2022-08-31 06:06:02', '2022-08-31 06:06:02'),
(2, 'productos/', 2, 'App\\Models\\Producto', '2022-08-31 06:06:02', '2022-08-31 06:06:02'),
(3, 'productos/648e30e75bd34dc0e9dafcfbd4878d47.png', 3, 'App\\Models\\Producto', '2022-08-31 06:06:03', '2022-08-31 06:06:03'),
(4, 'productos/a5b6bfed16986430f7100df72588b7d3.png', 4, 'App\\Models\\Producto', '2022-08-31 06:06:04', '2022-08-31 06:06:04'),
(5, 'productos/', 5, 'App\\Models\\Producto', '2022-08-31 06:06:05', '2022-08-31 06:06:05'),
(6, 'productos/7472c226928598fc1c29f8717c25e43e.png', 6, 'App\\Models\\Producto', '2022-08-31 06:06:06', '2022-08-31 06:06:06'),
(7, 'productos/0ecaf94aa50e90eb569f80b2bbe51aed.png', 7, 'App\\Models\\Producto', '2022-08-31 06:06:07', '2022-08-31 06:06:07'),
(8, 'productos/419589381f20fa035dacaadb48b60c5d.png', 8, 'App\\Models\\Producto', '2022-08-31 06:06:08', '2022-08-31 06:06:08'),
(9, 'productos/', 9, 'App\\Models\\Producto', '2022-08-31 06:06:09', '2022-08-31 06:06:09'),
(10, 'productos/762051b2400a7b0994a69f1040e73439.png', 10, 'App\\Models\\Producto', '2022-08-31 06:06:10', '2022-08-31 06:06:10'),
(11, 'productos/416de9a535b59fea1df7b7e30278f65d.png', 11, 'App\\Models\\Producto', '2022-08-31 06:06:11', '2022-08-31 06:06:11'),
(12, 'productos/21417fc6c4be278909b6a17983501ba0.png', 12, 'App\\Models\\Producto', '2022-08-31 06:06:11', '2022-08-31 06:06:11'),
(13, 'productos/6c911d5b94de9a72dbde69579695a214.png', 13, 'App\\Models\\Producto', '2022-08-31 06:06:12', '2022-08-31 06:06:12'),
(14, 'productos/3fcdaeb10a2427aa16581a47bcf05fd9.png', 14, 'App\\Models\\Producto', '2022-08-31 06:06:13', '2022-08-31 06:06:13'),
(15, 'productos/73e21b4faa0b37ff0c0e91bb6d2357eb.png', 15, 'App\\Models\\Producto', '2022-08-31 06:06:14', '2022-08-31 06:06:14'),
(16, 'productos/ea77849e08af16e4b44ede222b56fa38.png', 16, 'App\\Models\\Producto', '2022-08-31 06:06:15', '2022-08-31 06:06:15'),
(17, 'productos/257bea17af9ef6fff71a3df47a51b979.png', 17, 'App\\Models\\Producto', '2022-08-31 06:06:16', '2022-08-31 06:06:16'),
(18, 'productos/485dbe65df7ecca101a5baeb02ea5f1e.png', 18, 'App\\Models\\Producto', '2022-08-31 06:06:17', '2022-08-31 06:06:17'),
(19, 'productos/119e1d406c850cbc45ac72809f9fde0b.png', 19, 'App\\Models\\Producto', '2022-08-31 06:06:18', '2022-08-31 06:06:18'),
(20, 'productos/92cdabafc213f236baff0affc79a1d7b.png', 20, 'App\\Models\\Producto', '2022-08-31 06:06:19', '2022-08-31 06:06:19');

-- --------------------------------------------------------

--
-- Estructura de tabla para la tabla `marcas`
--

CREATE TABLE `marcas` (
  `id` bigint(20) UNSIGNED NOT NULL,
  `nombre` varchar(255) COLLATE utf8mb4_unicode_ci NOT NULL,
  `created_at` timestamp NULL DEFAULT NULL,
  `updated_at` timestamp NULL DEFAULT NULL
) ENGINE=InnoDB DEFAULT CHARSET=utf8mb4 COLLATE=utf8mb4_unicode_ci;

--
-- Volcado de datos para la tabla `marcas`
--

INSERT INTO `marcas` (`id`, `nombre`, `created_at`, `updated_at`) VALUES
(1, 'vitae', '2022-08-31 06:05:49', '2022-08-31 06:05:49'),
(2, 'nemo', '2022-08-31 06:05:49', '2022-08-31 06:05:49'),
(3, 'molestiae', '2022-08-31 06:05:49', '2022-08-31 06:05:49'),
(4, 'et', '2022-08-31 06:05:49', '2022-08-31 06:05:49'),
(5, 'quis', '2022-08-31 06:05:50', '2022-08-31 06:05:50'),
(6, 'sunt', '2022-08-31 06:05:50', '2022-08-31 06:05:50'),
(7, 'soluta', '2022-08-31 06:05:50', '2022-08-31 06:05:50'),
(8, 'velit', '2022-08-31 06:05:50', '2022-08-31 06:05:50'),
(9, 'ea', '2022-08-31 06:05:51', '2022-08-31 06:05:51'),
(10, 'est', '2022-08-31 06:05:51', '2022-08-31 06:05:51'),
(11, 'aliquam', '2022-08-31 06:05:51', '2022-08-31 06:05:51'),
(12, 'eligendi', '2022-08-31 06:05:51', '2022-08-31 06:05:51'),
(13, 'aliquid', '2022-08-31 06:05:52', '2022-08-31 06:05:52'),
(14, 'consequuntur', '2022-08-31 06:05:52', '2022-08-31 06:05:52'),
(15, 'ea', '2022-08-31 06:05:52', '2022-08-31 06:05:52'),
(16, 'et', '2022-08-31 06:05:52', '2022-08-31 06:05:52');

-- --------------------------------------------------------

--
-- Estructura de tabla para la tabla `medidas`
--

CREATE TABLE `medidas` (
  `id` bigint(20) UNSIGNED NOT NULL,
  `nombre` varchar(255) COLLATE utf8mb4_unicode_ci NOT NULL,
  `producto_id` bigint(20) UNSIGNED NOT NULL,
  `created_at` timestamp NULL DEFAULT NULL,
  `updated_at` timestamp NULL DEFAULT NULL
) ENGINE=InnoDB DEFAULT CHARSET=utf8mb4 COLLATE=utf8mb4_unicode_ci;

--
-- Volcado de datos para la tabla `medidas`
--

INSERT INTO `medidas` (`id`, `nombre`, `producto_id`, `created_at`, `updated_at`) VALUES
(1, 'Ø98x10', 7, '2022-08-31 06:06:19', '2022-08-31 06:06:19'),
(2, 'Ø98x12', 7, '2022-08-31 06:06:19', '2022-08-31 06:06:19'),
(3, 'Ø98x14', 7, '2022-08-31 06:06:19', '2022-08-31 06:06:19'),
(4, 'Ø98x10', 16, '2022-08-31 06:06:19', '2022-08-31 06:06:19'),
(5, 'Ø98x12', 16, '2022-08-31 06:06:19', '2022-08-31 06:06:19'),
(6, 'Ø98x14', 16, '2022-08-31 06:06:19', '2022-08-31 06:06:19');

-- --------------------------------------------------------

--
-- Estructura de tabla para la tabla `migrations`
--

CREATE TABLE `migrations` (
  `id` int(10) UNSIGNED NOT NULL,
  `migration` varchar(255) COLLATE utf8mb4_unicode_ci NOT NULL,
  `batch` int(11) NOT NULL
) ENGINE=InnoDB DEFAULT CHARSET=utf8mb4 COLLATE=utf8mb4_unicode_ci;

--
-- Volcado de datos para la tabla `migrations`
--

INSERT INTO `migrations` (`id`, `migration`, `batch`) VALUES
(1, '2014_10_12_000000_create_users_table', 1),
(2, '2014_10_12_100000_create_password_resets_table', 1),
(3, '2014_10_12_200000_add_two_factor_columns_to_users_table', 1),
(4, '2018_12_23_120000_create_shoppingcart_table', 1),
(5, '2019_08_19_000000_create_failed_jobs_table', 1),
(6, '2019_12_14_000001_create_personal_access_tokens_table', 1),
(7, '2022_08_19_013728_create_sessions_table', 1),
(8, '2022_08_19_015023_create_categorias_table', 1),
(9, '2022_08_19_015058_create_subcategorias_table', 1),
(10, '2022_08_19_015730_create_marcas_table', 1),
(11, '2022_08_19_015746_create_categoria_marca_table', 1),
(12, '2022_08_19_015815_create_productos_table', 1),
(13, '2022_08_19_015840_create_colors_table', 1),
(14, '2022_08_19_015855_create_color_producto_table', 1),
(15, '2022_08_19_015937_create_medidas_table', 1),
(16, '2022_08_19_015955_create_color_medida_table', 1),
(17, '2022_08_19_020856_create_imagens_table', 1),
(18, '2022_08_22_215435_create_sliders_table', 1),
(19, '2022_08_30_215029_create_departamentos_table', 1),
(20, '2022_08_30_215057_create_ciudads_table', 1),
(21, '2022_08_30_215108_create_distritos_table', 1),
(22, '2022_08_30_215118_create_ordens_table', 1);

-- --------------------------------------------------------

--
-- Estructura de tabla para la tabla `ordens`
--

CREATE TABLE `ordens` (
  `id` bigint(20) UNSIGNED NOT NULL,
  `estado` enum('1','2','3','4','5') COLLATE utf8mb4_unicode_ci NOT NULL DEFAULT '1',
  `contacto` varchar(255) COLLATE utf8mb4_unicode_ci NOT NULL,
  `celular` varchar(255) COLLATE utf8mb4_unicode_ci NOT NULL,
  `tipo_envio` enum('1','2') COLLATE utf8mb4_unicode_ci NOT NULL,
  `costo_envio` double(8,2) NOT NULL,
  `total` double(8,2) NOT NULL,
  `contenido` longtext CHARACTER SET utf8mb4 COLLATE utf8mb4_bin DEFAULT NULL CHECK (json_valid(`contenido`)),
  `direccion` varchar(255) COLLATE utf8mb4_unicode_ci DEFAULT NULL,
  `user_id` bigint(20) UNSIGNED NOT NULL,
  `departamento_id` bigint(20) UNSIGNED DEFAULT NULL,
  `ciudad_id` bigint(20) UNSIGNED DEFAULT NULL,
  `distrito_id` bigint(20) UNSIGNED DEFAULT NULL,
  `created_at` timestamp NULL DEFAULT NULL,
  `updated_at` timestamp NULL DEFAULT NULL
) ENGINE=InnoDB DEFAULT CHARSET=utf8mb4 COLLATE=utf8mb4_unicode_ci;

--
-- Volcado de datos para la tabla `ordens`
--

INSERT INTO `ordens` (`id`, `estado`, `contacto`, `celular`, `tipo_envio`, `costo_envio`, `total`, `contenido`, `direccion`, `user_id`, `departamento_id`, `ciudad_id`, `distrito_id`, `created_at`, `updated_at`) VALUES
(1, '1', 'Emerson', '960335525', '1', 0.00, 199.98, '{\"2602e22d95d2b510634004077a24db34\":{\"rowId\":\"2602e22d95d2b510634004077a24db34\",\"id\":9,\"name\":\"Est est tempore.\",\"qty\":2,\"price\":99.99,\"weight\":550,\"options\":{\"medida_id\":null,\"cantidad\":10,\"imagen\":\"http:\\/\\/localhost:8000\\/storage\\/productos\\/\",\"color\":\"white\"},\"discount\":0,\"tax\":21,\"subtotal\":199.98}}', NULL, 1, NULL, NULL, NULL, '2022-08-31 06:08:37', '2022-08-31 06:08:37'),
(2, '1', 'Emreson', '960335525', '1', 0.00, 199.98, '{\"2602e22d95d2b510634004077a24db34\":{\"rowId\":\"2602e22d95d2b510634004077a24db34\",\"id\":9,\"name\":\"Est est tempore.\",\"qty\":2,\"price\":99.99,\"weight\":550,\"options\":{\"medida_id\":null,\"cantidad\":10,\"imagen\":\"http:\\/\\/localhost:8000\\/storage\\/productos\\/\",\"color\":\"white\"},\"discount\":0,\"tax\":21,\"subtotal\":199.98}}', NULL, 1, NULL, NULL, NULL, '2022-08-31 06:35:56', '2022-08-31 06:35:56'),
(3, '1', 'dfd', '960335525', '1', 0.00, 0.00, '[]', NULL, 1, NULL, NULL, NULL, '2022-08-31 06:53:05', '2022-08-31 06:53:05'),
(4, '1', 'Smith', '960335525', '1', 0.00, 99.99, '{\"2602e22d95d2b510634004077a24db34\":{\"rowId\":\"2602e22d95d2b510634004077a24db34\",\"id\":9,\"name\":\"Est est tempore.\",\"qty\":1,\"price\":99.99,\"weight\":550,\"options\":{\"medida_id\":null,\"cantidad\":10,\"imagen\":\"http:\\/\\/localhost:8000\\/storage\\/productos\\/\",\"color\":\"white\"},\"discount\":0,\"tax\":21,\"subtotal\":99.99}}', NULL, 1, NULL, NULL, NULL, '2022-08-31 06:58:25', '2022-08-31 06:58:25');

-- --------------------------------------------------------

--
-- Estructura de tabla para la tabla `password_resets`
--

CREATE TABLE `password_resets` (
  `email` varchar(255) COLLATE utf8mb4_unicode_ci NOT NULL,
  `token` varchar(255) COLLATE utf8mb4_unicode_ci NOT NULL,
  `created_at` timestamp NULL DEFAULT NULL
) ENGINE=InnoDB DEFAULT CHARSET=utf8mb4 COLLATE=utf8mb4_unicode_ci;

-- --------------------------------------------------------

--
-- Estructura de tabla para la tabla `personal_access_tokens`
--

CREATE TABLE `personal_access_tokens` (
  `id` bigint(20) UNSIGNED NOT NULL,
  `tokenable_type` varchar(255) COLLATE utf8mb4_unicode_ci NOT NULL,
  `tokenable_id` bigint(20) UNSIGNED NOT NULL,
  `name` varchar(255) COLLATE utf8mb4_unicode_ci NOT NULL,
  `token` varchar(64) COLLATE utf8mb4_unicode_ci NOT NULL,
  `abilities` text COLLATE utf8mb4_unicode_ci DEFAULT NULL,
  `last_used_at` timestamp NULL DEFAULT NULL,
  `expires_at` timestamp NULL DEFAULT NULL,
  `created_at` timestamp NULL DEFAULT NULL,
  `updated_at` timestamp NULL DEFAULT NULL
) ENGINE=InnoDB DEFAULT CHARSET=utf8mb4 COLLATE=utf8mb4_unicode_ci;

-- --------------------------------------------------------

--
-- Estructura de tabla para la tabla `productos`
--

CREATE TABLE `productos` (
  `id` bigint(20) UNSIGNED NOT NULL,
  `nombre` varchar(255) COLLATE utf8mb4_unicode_ci NOT NULL,
  `ruta` varchar(255) COLLATE utf8mb4_unicode_ci NOT NULL,
  `descripcion` text COLLATE utf8mb4_unicode_ci NOT NULL,
  `precio` double(8,2) NOT NULL,
  `cantidad` int(11) DEFAULT NULL,
  `estado` enum('1','2') COLLATE utf8mb4_unicode_ci NOT NULL DEFAULT '1',
  `subcategoria_id` bigint(20) UNSIGNED NOT NULL,
  `marca_id` bigint(20) UNSIGNED NOT NULL,
  `created_at` timestamp NULL DEFAULT NULL,
  `updated_at` timestamp NULL DEFAULT NULL
) ENGINE=InnoDB DEFAULT CHARSET=utf8mb4 COLLATE=utf8mb4_unicode_ci;

--
-- Volcado de datos para la tabla `productos`
--

INSERT INTO `productos` (`id`, `nombre`, `ruta`, `descripcion`, `precio`, `cantidad`, `estado`, `subcategoria_id`, `marca_id`, `created_at`, `updated_at`) VALUES
(1, 'Animi quis.', 'animi-quis', 'Occaecati consectetur earum maxime iusto nulla rem. Soluta iure qui vero explicabo. Modi officiis similique aut veniam modi molestiae praesentium.', 49.99, 15, '2', 7, 14, '2022-08-31 06:06:00', '2022-08-31 06:06:00'),
(2, 'Et labore.', 'et-labore', 'Rerum ex corrupti eos est aut commodi. Vel culpa earum unde esse velit. Sed aut omnis reiciendis sit. Sint culpa aperiam nisi et quisquam.', 19.99, 15, '2', 2, 3, '2022-08-31 06:06:00', '2022-08-31 06:06:00'),
(3, 'Ipsa maxime.', 'ipsa-maxime', 'Quod aut qui dolores iure iste. Occaecati eos vitae dolor. Consequatur laborum autem est commodi.', 49.99, 15, '2', 5, 5, '2022-08-31 06:06:00', '2022-08-31 06:06:00'),
(4, 'Ipsa id.', 'ipsa-id', 'In dolorem reprehenderit in illo est dolorem. Et temporibus nihil fugit accusamus. Et molestias dolorem dolores aliquam aut voluptas ullam quo.', 49.99, 15, '2', 5, 8, '2022-08-31 06:06:00', '2022-08-31 06:06:00'),
(5, 'Reprehenderit molestiae.', 'reprehenderit-molestiae', 'Necessitatibus soluta et sed iusto. Quia quibusdam voluptatem explicabo id. Rerum delectus maxime facilis ipsum.', 99.99, 15, '2', 2, 2, '2022-08-31 06:06:01', '2022-08-31 06:06:01'),
(6, 'Harum odit.', 'harum-odit', 'Aut fugiat consequuntur adipisci velit dolores aliquid optio. Fugit et id dicta vero aliquam. Et numquam est molestiae et aut nesciunt aut. Et est et incidunt ratione.', 99.99, 15, '2', 3, 3, '2022-08-31 06:06:01', '2022-08-31 06:06:01'),
(7, 'Consequatur exercitationem.', 'consequatur-exercitationem', 'Aut officia occaecati et voluptate voluptatem ipsum. Facilis nisi optio vitae commodi laudantium. Perspiciatis eum quia est quaerat vero at.', 49.99, NULL, '2', 6, 11, '2022-08-31 06:06:01', '2022-08-31 06:06:01'),
(8, 'Dolorum ipsam.', 'dolorum-ipsam', 'Numquam non quod labore et quia odit ratione non. Voluptate natus voluptate esse quia aut amet ullam. Dignissimos totam reiciendis eos in. Rerum sed qui eum enim sed voluptates explicabo.', 99.99, 15, '2', 5, 6, '2022-08-31 06:06:01', '2022-08-31 06:06:01'),
(9, 'Est est tempore.', 'est-est-tempore', 'Dolorum ipsa suscipit eos modi repellat. Quaerat et aspernatur dolorem nisi modi nam. Et veritatis est repellat corrupti dolor modi.', 99.99, NULL, '2', 1, 2, '2022-08-31 06:06:01', '2022-08-31 06:06:01'),
(10, 'Quis laboriosam.', 'quis-laboriosam', 'Quo voluptatum illum sed rerum sit. Est beatae nisi necessitatibus aut aut. Explicabo perspiciatis sed rerum iste qui omnis. Repellat id aliquam non est et expedita tempora.', 99.99, 15, '2', 2, 3, '2022-08-31 06:06:01', '2022-08-31 06:06:01'),
(11, 'Et nesciunt sunt.', 'et-nesciunt-sunt', 'Aut accusantium dolorum quaerat consequatur et. Voluptatem rerum quia totam. Quasi ab quas pariatur. Nostrum dolores sint deserunt et et eos ad aut. Quia occaecati magnam consequatur et et minus.', 99.99, 15, '2', 3, 4, '2022-08-31 06:06:01', '2022-08-31 06:06:01'),
(12, 'Consectetur autem.', 'consectetur-autem', 'Et neque placeat illo tenetur autem est molestias impedit. Qui enim at velit ipsa dolor corporis aut. Consequuntur ratione neque consequatur dicta.', 49.99, NULL, '2', 1, 4, '2022-08-31 06:06:01', '2022-08-31 06:06:01'),
(13, 'Magni quia consectetur.', 'magni-quia-consectetur', 'Veritatis eum esse iusto sit aliquid. Dignissimos laborum iusto sapiente provident est consequatur doloremque. Voluptatibus perspiciatis nisi doloribus distinctio maxime excepturi.', 99.99, NULL, '2', 1, 3, '2022-08-31 06:06:01', '2022-08-31 06:06:01'),
(14, 'Velit distinctio et.', 'velit-distinctio-et', 'Pariatur delectus recusandae et soluta. Rerum corrupti nihil earum commodi placeat sapiente. Quia dolore laborum fugiat nemo. Excepturi quia voluptatem a laboriosam doloribus placeat.', 19.99, 15, '2', 5, 5, '2022-08-31 06:06:01', '2022-08-31 06:06:01'),
(15, 'Deleniti ex facere.', 'deleniti-ex-facere', 'Delectus recusandae omnis voluptatem id blanditiis omnis. Et quisquam et id. Optio quaerat beatae eum cum sint officiis. Mollitia libero quo corrupti vero sit.', 99.99, 15, '2', 3, 3, '2022-08-31 06:06:01', '2022-08-31 06:06:01'),
(16, 'Sunt at tempore.', 'sunt-at-tempore', 'Voluptas qui fugiat voluptates autem. Distinctio laboriosam aut blanditiis. Officiis et nobis beatae cupiditate fuga facere.', 99.99, NULL, '2', 6, 11, '2022-08-31 06:06:01', '2022-08-31 06:06:01'),
(17, 'Velit omnis.', 'velit-omnis', 'Eligendi quod blanditiis dolores. Eos magni eveniet magnam incidunt. Architecto est eligendi ab eum aut dignissimos magni.', 99.99, 15, '2', 2, 3, '2022-08-31 06:06:01', '2022-08-31 06:06:01'),
(18, 'Molestiae nihil.', 'molestiae-nihil', 'Culpa est et sunt quod. Atque ea ex cumque ut. Expedita enim porro autem inventore id enim nulla quia.', 49.99, NULL, '2', 1, 2, '2022-08-31 06:06:01', '2022-08-31 06:06:01'),
(19, 'Ab repellat.', 'ab-repellat', 'Corrupti eos est optio dolorem. Aut dolor quam aut accusamus quaerat et. Tempore et enim aut. Excepturi aut omnis nostrum quaerat libero beatae et.', 49.99, 15, '2', 8, 14, '2022-08-31 06:06:01', '2022-08-31 06:06:01'),
(20, 'Eaque ratione et.', 'eaque-ratione-et', 'Rem culpa sunt aut aspernatur doloremque cupiditate voluptas. Ad vel beatae repellendus aperiam magni odit. Consequatur impedit magnam dolores velit corporis dolores.', 49.99, 15, '2', 8, 14, '2022-08-31 06:06:01', '2022-08-31 06:06:01');

-- --------------------------------------------------------

--
-- Estructura de tabla para la tabla `sessions`
--

CREATE TABLE `sessions` (
  `id` varchar(255) COLLATE utf8mb4_unicode_ci NOT NULL,
  `user_id` bigint(20) UNSIGNED DEFAULT NULL,
  `ip_address` varchar(45) COLLATE utf8mb4_unicode_ci DEFAULT NULL,
  `user_agent` text COLLATE utf8mb4_unicode_ci DEFAULT NULL,
  `payload` longtext COLLATE utf8mb4_unicode_ci NOT NULL,
  `last_activity` int(11) NOT NULL
) ENGINE=InnoDB DEFAULT CHARSET=utf8mb4 COLLATE=utf8mb4_unicode_ci;

--
-- Volcado de datos para la tabla `sessions`
--

INSERT INTO `sessions` (`id`, `user_id`, `ip_address`, `user_agent`, `payload`, `last_activity`) VALUES
('3A8eIAIBjP3Gng4Kfv9vCtWvV57cVXGzqNGT02AI', 1, '127.0.0.1', 'Mozilla/5.0 (Windows NT 10.0; Win64; x64) AppleWebKit/537.36 (KHTML, like Gecko) Chrome/104.0.0.0 Safari/537.36', 'YTo2OntzOjY6Il90b2tlbiI7czo0MDoiQ0NaRTR6TmxrVzVCeVJON1hJSUdoQzZqSWp0RTRTTFlTSHlyVEFXMSI7czo2OiJfZmxhc2giO2E6Mjp7czozOiJvbGQiO2E6MDp7fXM6MzoibmV3IjthOjA6e319czo5OiJfcHJldmlvdXMiO2E6MTp7czozOiJ1cmwiO3M6MzU6Imh0dHA6Ly8xMjcuMC4wLjE6ODAwMC9vcmRlbi80L3BhZ2FyIjt9czo0OiJjYXJ0IjthOjA6e31zOjM6InVybCI7YTowOnt9czo1MDoibG9naW5fd2ViXzU5YmEzNmFkZGMyYjJmOTQwMTU4MGYwMTRjN2Y1OGVhNGUzMDk4OWQiO2k6MTt9', 1661911713);

-- --------------------------------------------------------

--
-- Estructura de tabla para la tabla `shoppingcart`
--

CREATE TABLE `shoppingcart` (
  `identifier` varchar(255) COLLATE utf8mb4_unicode_ci NOT NULL,
  `instance` varchar(255) COLLATE utf8mb4_unicode_ci NOT NULL,
  `content` longtext COLLATE utf8mb4_unicode_ci NOT NULL,
  `created_at` timestamp NULL DEFAULT NULL,
  `updated_at` timestamp NULL DEFAULT NULL
) ENGINE=InnoDB DEFAULT CHARSET=utf8mb4 COLLATE=utf8mb4_unicode_ci;

-- --------------------------------------------------------

--
-- Estructura de tabla para la tabla `sliders`
--

CREATE TABLE `sliders` (
  `id` bigint(20) UNSIGNED NOT NULL,
  `titulo` varchar(255) COLLATE utf8mb4_unicode_ci NOT NULL,
  `descripcion` mediumtext COLLATE utf8mb4_unicode_ci DEFAULT NULL,
  `imagen` varchar(255) COLLATE utf8mb4_unicode_ci DEFAULT NULL,
  `ruta` varchar(255) COLLATE utf8mb4_unicode_ci NOT NULL,
  `estado` tinyint(4) NOT NULL DEFAULT 0 COMMENT '0=visible, 1=oculto',
  `posicion` int(11) NOT NULL,
  `created_at` timestamp NULL DEFAULT NULL,
  `updated_at` timestamp NULL DEFAULT NULL
) ENGINE=InnoDB DEFAULT CHARSET=utf8mb4 COLLATE=utf8mb4_unicode_ci;

--
-- Volcado de datos para la tabla `sliders`
--

INSERT INTO `sliders` (`id`, `titulo`, `descripcion`, `imagen`, `ruta`, `estado`, `posicion`, `created_at`, `updated_at`) VALUES
(1, 'Equipos intraorales', 'equipos-intraorales', 'imagenes/slider/slider1.jpg', 'equipos-intraorales', 0, 1, '2022-08-31 06:06:20', '2022-08-31 06:06:20'),
(2, 'Equipos intraorales', 'equipos-intraorales', 'imagenes/slider/slider2.jpg', 'equipos-intraorales', 0, 2, '2022-08-31 06:06:20', '2022-08-31 06:06:20'),
(3, 'Equipos intraorales', 'equipos-intraorales', 'imagenes/slider/slider3.jpg', 'equipos-intraorales', 0, 3, '2022-08-31 06:06:20', '2022-08-31 06:06:20');

-- --------------------------------------------------------

--
-- Estructura de tabla para la tabla `subcategorias`
--

CREATE TABLE `subcategorias` (
  `id` bigint(20) UNSIGNED NOT NULL,
  `nombre` varchar(255) COLLATE utf8mb4_unicode_ci NOT NULL,
  `ruta` varchar(255) COLLATE utf8mb4_unicode_ci NOT NULL,
  `imagen` varchar(255) COLLATE utf8mb4_unicode_ci DEFAULT NULL,
  `color` tinyint(1) NOT NULL DEFAULT 0,
  `medida` tinyint(1) NOT NULL DEFAULT 0,
  `categoria_id` bigint(20) UNSIGNED NOT NULL,
  `created_at` timestamp NULL DEFAULT NULL,
  `updated_at` timestamp NULL DEFAULT NULL
) ENGINE=InnoDB DEFAULT CHARSET=utf8mb4 COLLATE=utf8mb4_unicode_ci;

--
-- Volcado de datos para la tabla `subcategorias`
--

INSERT INTO `subcategorias` (`id`, `nombre`, `ruta`, `imagen`, `color`, `medida`, `categoria_id`, `created_at`, `updated_at`) VALUES
(1, 'Rayos x Portatil', 'rayos-x-portatil', 'subcategorias/d575009fd0f9182ccffbf70f0bd809f8.png', 1, 0, 1, '2022-08-31 06:05:53', '2022-08-31 06:05:53'),
(2, 'Sensor RVG', 'sensor-rvg', 'subcategorias/', 0, 0, 1, '2022-08-31 06:05:54', '2022-08-31 06:05:54'),
(3, 'Digitalizador Intraoral', 'digitalizador-intraoral', 'subcategorias/e251181bae4043bd14b531d0895f39b7.png', 0, 0, 1, '2022-08-31 06:05:55', '2022-08-31 06:05:55'),
(4, 'Vatech', 'vatech', 'subcategorias/', 0, 0, 2, '2022-08-31 06:05:56', '2022-08-31 06:05:56'),
(5, 'Pointnix', 'pointnix', 'subcategorias/', 0, 0, 2, '2022-08-31 06:05:57', '2022-08-31 06:05:57'),
(6, 'Zirconia', 'zirconia', 'subcategorias/', 1, 1, 3, '2022-08-31 06:05:57', '2022-08-31 06:05:57'),
(7, 'Point Implant ', 'point-implant', 'subcategorias/8366c18d0ace672116c2f8284caa0e78.png', 0, 0, 4, '2022-08-31 06:05:58', '2022-08-31 06:05:58'),
(8, 'Megagen', 'megagen', 'subcategorias/62741838f2e83ade612c40ad03b5b69d.png', 0, 0, 4, '2022-08-31 06:05:59', '2022-08-31 06:05:59'),
(9, 'Kuwotech', 'kuwotech', 'subcategorias/1831d81e17dc8cda42016c3fc35d9053.png', 0, 0, 4, '2022-08-31 06:06:00', '2022-08-31 06:06:00');

-- --------------------------------------------------------

--
-- Estructura de tabla para la tabla `users`
--

CREATE TABLE `users` (
  `id` bigint(20) UNSIGNED NOT NULL,
  `name` varchar(255) COLLATE utf8mb4_unicode_ci NOT NULL,
  `email` varchar(255) COLLATE utf8mb4_unicode_ci NOT NULL,
  `email_verified_at` timestamp NULL DEFAULT NULL,
  `password` varchar(255) COLLATE utf8mb4_unicode_ci NOT NULL,
  `two_factor_secret` text COLLATE utf8mb4_unicode_ci DEFAULT NULL,
  `two_factor_recovery_codes` text COLLATE utf8mb4_unicode_ci DEFAULT NULL,
  `two_factor_confirmed_at` timestamp NULL DEFAULT NULL,
  `remember_token` varchar(100) COLLATE utf8mb4_unicode_ci DEFAULT NULL,
  `current_team_id` bigint(20) UNSIGNED DEFAULT NULL,
  `profile_photo_path` varchar(2048) COLLATE utf8mb4_unicode_ci DEFAULT NULL,
  `created_at` timestamp NULL DEFAULT NULL,
  `updated_at` timestamp NULL DEFAULT NULL
) ENGINE=InnoDB DEFAULT CHARSET=utf8mb4 COLLATE=utf8mb4_unicode_ci;

--
-- Volcado de datos para la tabla `users`
--

INSERT INTO `users` (`id`, `name`, `email`, `email_verified_at`, `password`, `two_factor_secret`, `two_factor_recovery_codes`, `two_factor_confirmed_at`, `remember_token`, `current_team_id`, `profile_photo_path`, `created_at`, `updated_at`) VALUES
(1, 'Emerson Smith', 'mersmith14@gmail.com', NULL, '$2y$10$F2YCRHwFbN0Z.aTwlPtfbOJiZdqVa7sl0joN7O1kqaBv.XV8O3KH.', NULL, NULL, NULL, NULL, NULL, NULL, '2022-08-31 06:05:47', '2022-08-31 06:05:47');

--
-- Índices para tablas volcadas
--

--
-- Indices de la tabla `categorias`
--
ALTER TABLE `categorias`
  ADD PRIMARY KEY (`id`);

--
-- Indices de la tabla `categoria_marca`
--
ALTER TABLE `categoria_marca`
  ADD PRIMARY KEY (`id`),
  ADD KEY `categoria_marca_marca_id_foreign` (`marca_id`),
  ADD KEY `categoria_marca_categoria_id_foreign` (`categoria_id`);

--
-- Indices de la tabla `ciudads`
--
ALTER TABLE `ciudads`
  ADD PRIMARY KEY (`id`),
  ADD KEY `ciudads_departamento_id_foreign` (`departamento_id`);

--
-- Indices de la tabla `colors`
--
ALTER TABLE `colors`
  ADD PRIMARY KEY (`id`);

--
-- Indices de la tabla `color_medida`
--
ALTER TABLE `color_medida`
  ADD PRIMARY KEY (`id`),
  ADD KEY `color_medida_color_id_foreign` (`color_id`),
  ADD KEY `color_medida_medida_id_foreign` (`medida_id`);

--
-- Indices de la tabla `color_producto`
--
ALTER TABLE `color_producto`
  ADD PRIMARY KEY (`id`),
  ADD KEY `color_producto_color_id_foreign` (`color_id`),
  ADD KEY `color_producto_producto_id_foreign` (`producto_id`);

--
-- Indices de la tabla `departamentos`
--
ALTER TABLE `departamentos`
  ADD PRIMARY KEY (`id`);

--
-- Indices de la tabla `distritos`
--
ALTER TABLE `distritos`
  ADD PRIMARY KEY (`id`),
  ADD KEY `distritos_ciudad_id_foreign` (`ciudad_id`);

--
-- Indices de la tabla `failed_jobs`
--
ALTER TABLE `failed_jobs`
  ADD PRIMARY KEY (`id`),
  ADD UNIQUE KEY `failed_jobs_uuid_unique` (`uuid`);

--
-- Indices de la tabla `imagens`
--
ALTER TABLE `imagens`
  ADD PRIMARY KEY (`id`);

--
-- Indices de la tabla `marcas`
--
ALTER TABLE `marcas`
  ADD PRIMARY KEY (`id`);

--
-- Indices de la tabla `medidas`
--
ALTER TABLE `medidas`
  ADD PRIMARY KEY (`id`),
  ADD KEY `medidas_producto_id_foreign` (`producto_id`);

--
-- Indices de la tabla `migrations`
--
ALTER TABLE `migrations`
  ADD PRIMARY KEY (`id`);

--
-- Indices de la tabla `ordens`
--
ALTER TABLE `ordens`
  ADD PRIMARY KEY (`id`),
  ADD KEY `ordens_user_id_foreign` (`user_id`),
  ADD KEY `ordens_departamento_id_foreign` (`departamento_id`),
  ADD KEY `ordens_ciudad_id_foreign` (`ciudad_id`),
  ADD KEY `ordens_distrito_id_foreign` (`distrito_id`);

--
-- Indices de la tabla `password_resets`
--
ALTER TABLE `password_resets`
  ADD KEY `password_resets_email_index` (`email`);

--
-- Indices de la tabla `personal_access_tokens`
--
ALTER TABLE `personal_access_tokens`
  ADD PRIMARY KEY (`id`),
  ADD UNIQUE KEY `personal_access_tokens_token_unique` (`token`),
  ADD KEY `personal_access_tokens_tokenable_type_tokenable_id_index` (`tokenable_type`,`tokenable_id`);

--
-- Indices de la tabla `productos`
--
ALTER TABLE `productos`
  ADD PRIMARY KEY (`id`),
  ADD KEY `productos_subcategoria_id_foreign` (`subcategoria_id`),
  ADD KEY `productos_marca_id_foreign` (`marca_id`);

--
-- Indices de la tabla `sessions`
--
ALTER TABLE `sessions`
  ADD PRIMARY KEY (`id`),
  ADD KEY `sessions_user_id_index` (`user_id`),
  ADD KEY `sessions_last_activity_index` (`last_activity`);

--
-- Indices de la tabla `shoppingcart`
--
ALTER TABLE `shoppingcart`
  ADD PRIMARY KEY (`identifier`,`instance`);

--
-- Indices de la tabla `sliders`
--
ALTER TABLE `sliders`
  ADD PRIMARY KEY (`id`);

--
-- Indices de la tabla `subcategorias`
--
ALTER TABLE `subcategorias`
  ADD PRIMARY KEY (`id`),
  ADD KEY `subcategorias_categoria_id_foreign` (`categoria_id`);

--
-- Indices de la tabla `users`
--
ALTER TABLE `users`
  ADD PRIMARY KEY (`id`),
  ADD UNIQUE KEY `users_email_unique` (`email`);

--
-- AUTO_INCREMENT de las tablas volcadas
--

--
-- AUTO_INCREMENT de la tabla `categorias`
--
ALTER TABLE `categorias`
  MODIFY `id` bigint(20) UNSIGNED NOT NULL AUTO_INCREMENT, AUTO_INCREMENT=5;

--
-- AUTO_INCREMENT de la tabla `categoria_marca`
--
ALTER TABLE `categoria_marca`
  MODIFY `id` bigint(20) UNSIGNED NOT NULL AUTO_INCREMENT, AUTO_INCREMENT=17;

--
-- AUTO_INCREMENT de la tabla `ciudads`
--
ALTER TABLE `ciudads`
  MODIFY `id` bigint(20) UNSIGNED NOT NULL AUTO_INCREMENT, AUTO_INCREMENT=65;

--
-- AUTO_INCREMENT de la tabla `colors`
--
ALTER TABLE `colors`
  MODIFY `id` bigint(20) UNSIGNED NOT NULL AUTO_INCREMENT, AUTO_INCREMENT=5;

--
-- AUTO_INCREMENT de la tabla `color_medida`
--
ALTER TABLE `color_medida`
  MODIFY `id` bigint(20) UNSIGNED NOT NULL AUTO_INCREMENT, AUTO_INCREMENT=25;

--
-- AUTO_INCREMENT de la tabla `color_producto`
--
ALTER TABLE `color_producto`
  MODIFY `id` bigint(20) UNSIGNED NOT NULL AUTO_INCREMENT, AUTO_INCREMENT=17;

--
-- AUTO_INCREMENT de la tabla `departamentos`
--
ALTER TABLE `departamentos`
  MODIFY `id` bigint(20) UNSIGNED NOT NULL AUTO_INCREMENT, AUTO_INCREMENT=9;

--
-- AUTO_INCREMENT de la tabla `distritos`
--
ALTER TABLE `distritos`
  MODIFY `id` bigint(20) UNSIGNED NOT NULL AUTO_INCREMENT, AUTO_INCREMENT=513;

--
-- AUTO_INCREMENT de la tabla `failed_jobs`
--
ALTER TABLE `failed_jobs`
  MODIFY `id` bigint(20) UNSIGNED NOT NULL AUTO_INCREMENT;

--
-- AUTO_INCREMENT de la tabla `imagens`
--
ALTER TABLE `imagens`
  MODIFY `id` bigint(20) UNSIGNED NOT NULL AUTO_INCREMENT, AUTO_INCREMENT=21;

--
-- AUTO_INCREMENT de la tabla `marcas`
--
ALTER TABLE `marcas`
  MODIFY `id` bigint(20) UNSIGNED NOT NULL AUTO_INCREMENT, AUTO_INCREMENT=17;

--
-- AUTO_INCREMENT de la tabla `medidas`
--
ALTER TABLE `medidas`
  MODIFY `id` bigint(20) UNSIGNED NOT NULL AUTO_INCREMENT, AUTO_INCREMENT=7;

--
-- AUTO_INCREMENT de la tabla `migrations`
--
ALTER TABLE `migrations`
  MODIFY `id` int(10) UNSIGNED NOT NULL AUTO_INCREMENT, AUTO_INCREMENT=23;

--
-- AUTO_INCREMENT de la tabla `ordens`
--
ALTER TABLE `ordens`
  MODIFY `id` bigint(20) UNSIGNED NOT NULL AUTO_INCREMENT, AUTO_INCREMENT=5;

--
-- AUTO_INCREMENT de la tabla `personal_access_tokens`
--
ALTER TABLE `personal_access_tokens`
  MODIFY `id` bigint(20) UNSIGNED NOT NULL AUTO_INCREMENT;

--
-- AUTO_INCREMENT de la tabla `productos`
--
ALTER TABLE `productos`
  MODIFY `id` bigint(20) UNSIGNED NOT NULL AUTO_INCREMENT, AUTO_INCREMENT=21;

--
-- AUTO_INCREMENT de la tabla `sliders`
--
ALTER TABLE `sliders`
  MODIFY `id` bigint(20) UNSIGNED NOT NULL AUTO_INCREMENT, AUTO_INCREMENT=4;

--
-- AUTO_INCREMENT de la tabla `subcategorias`
--
ALTER TABLE `subcategorias`
  MODIFY `id` bigint(20) UNSIGNED NOT NULL AUTO_INCREMENT, AUTO_INCREMENT=10;

--
-- AUTO_INCREMENT de la tabla `users`
--
ALTER TABLE `users`
  MODIFY `id` bigint(20) UNSIGNED NOT NULL AUTO_INCREMENT, AUTO_INCREMENT=2;

--
-- Restricciones para tablas volcadas
--

--
-- Filtros para la tabla `categoria_marca`
--
ALTER TABLE `categoria_marca`
  ADD CONSTRAINT `categoria_marca_categoria_id_foreign` FOREIGN KEY (`categoria_id`) REFERENCES `categorias` (`id`) ON DELETE CASCADE,
  ADD CONSTRAINT `categoria_marca_marca_id_foreign` FOREIGN KEY (`marca_id`) REFERENCES `marcas` (`id`) ON DELETE CASCADE;

--
-- Filtros para la tabla `ciudads`
--
ALTER TABLE `ciudads`
  ADD CONSTRAINT `ciudads_departamento_id_foreign` FOREIGN KEY (`departamento_id`) REFERENCES `departamentos` (`id`) ON DELETE CASCADE;

--
-- Filtros para la tabla `color_medida`
--
ALTER TABLE `color_medida`
  ADD CONSTRAINT `color_medida_color_id_foreign` FOREIGN KEY (`color_id`) REFERENCES `colors` (`id`) ON DELETE CASCADE,
  ADD CONSTRAINT `color_medida_medida_id_foreign` FOREIGN KEY (`medida_id`) REFERENCES `medidas` (`id`) ON DELETE CASCADE;

--
-- Filtros para la tabla `color_producto`
--
ALTER TABLE `color_producto`
  ADD CONSTRAINT `color_producto_color_id_foreign` FOREIGN KEY (`color_id`) REFERENCES `colors` (`id`) ON DELETE CASCADE,
  ADD CONSTRAINT `color_producto_producto_id_foreign` FOREIGN KEY (`producto_id`) REFERENCES `productos` (`id`) ON DELETE CASCADE;

--
-- Filtros para la tabla `distritos`
--
ALTER TABLE `distritos`
  ADD CONSTRAINT `distritos_ciudad_id_foreign` FOREIGN KEY (`ciudad_id`) REFERENCES `ciudads` (`id`) ON DELETE CASCADE;

--
-- Filtros para la tabla `medidas`
--
ALTER TABLE `medidas`
  ADD CONSTRAINT `medidas_producto_id_foreign` FOREIGN KEY (`producto_id`) REFERENCES `productos` (`id`) ON DELETE CASCADE;

--
-- Filtros para la tabla `ordens`
--
ALTER TABLE `ordens`
  ADD CONSTRAINT `ordens_ciudad_id_foreign` FOREIGN KEY (`ciudad_id`) REFERENCES `ciudads` (`id`),
  ADD CONSTRAINT `ordens_departamento_id_foreign` FOREIGN KEY (`departamento_id`) REFERENCES `departamentos` (`id`),
  ADD CONSTRAINT `ordens_distrito_id_foreign` FOREIGN KEY (`distrito_id`) REFERENCES `distritos` (`id`),
  ADD CONSTRAINT `ordens_user_id_foreign` FOREIGN KEY (`user_id`) REFERENCES `users` (`id`);

--
-- Filtros para la tabla `productos`
--
ALTER TABLE `productos`
  ADD CONSTRAINT `productos_marca_id_foreign` FOREIGN KEY (`marca_id`) REFERENCES `marcas` (`id`) ON DELETE CASCADE,
  ADD CONSTRAINT `productos_subcategoria_id_foreign` FOREIGN KEY (`subcategoria_id`) REFERENCES `subcategorias` (`id`) ON DELETE CASCADE;

--
-- Filtros para la tabla `subcategorias`
--
ALTER TABLE `subcategorias`
  ADD CONSTRAINT `subcategorias_categoria_id_foreign` FOREIGN KEY (`categoria_id`) REFERENCES `categorias` (`id`) ON DELETE CASCADE;
COMMIT;

/*!40101 SET CHARACTER_SET_CLIENT=@OLD_CHARACTER_SET_CLIENT */;
/*!40101 SET CHARACTER_SET_RESULTS=@OLD_CHARACTER_SET_RESULTS */;
/*!40101 SET COLLATION_CONNECTION=@OLD_COLLATION_CONNECTION */;
